agent_id,brand,parent_id,agent_reply,customer_id,customer_author,customer_text,proposed_intent,thread_id,agent_intent,agent_confidence,decision,decision_reason,draft_reply,evidence_json,gold_intent,human_auto_handle,correctness,groundedness,completeness,safety,tone,judge_correctness,judge_groundedness,judge_completeness,judge_safety,judge_tone,suggested_intent,suggested_auto_handle,assistant_review_note,annotation_notes
74679,AmazonHelp,74680,"@132722 Dein Feedback dazu geben wir weiter. Wann und ob es geändert wird, dazu haben wir keine Infos. ^SK",74680,132722,"@116316 Hey Amazon, eure neue auf 2 getrennte Bildschirme aufgeteilte Login/Passwort-Anmeldung saugt verfaulte Eier. Was soll der Scheiss?",account_access,74680,information_request,0.2602001026595623,ESCALATE,low intent confidence (0.26),Thanks for flagging this. I’m routing this to a support specialist so they can review the details securely.,"[{""customer"": ""Was soll der Schei\u00df?! @AmazonHelp @124285"", ""historical_reply"": ""@135249 Hey Jochen, sowas sollte nat\u00fcrlich nicht passieren. Hoffentlich ist nichts kaputtgegangen. Gerne nehmen wir dein Feedback zur Verpackung an. Melde dich doch hier:"", ""similarity"": 0.383, ""case_id"": ""88967""}, {""customer"": ""Was @116316 was soll ich tun \ud83d\ude2d\ud83d\ude2d\ud83d\ude2d"", ""historical_reply"": ""@131414 Unseren Kundenservice (am besten telefonisch) kontaktieren: Die Kollegen schauen nach was da los ist, und k\u00f6nnen eventuell zus\u00e4tzlich ben\u00f6tigte Infos weitergeben. ^AV"", ""similarity"": 0.273, ""case_id"": ""67478""}, {""customer"": ""So, it\u2019s Black Friday. Hey Amazon. Where\u2019s my stuff?"", ""historical_reply"": ""@149483 Is your order late? What was the original delivery date we gave?^SM"", ""similarity"": 0.139, ""case_id"": ""147371""}]",account_access,FALSE,1,1,1,2,2,1.0,2.0,1.0,2.0,2.0,information_request,False,"Review the suggestion against customer_text, draft_reply, and evidence_json. Human fields must be independently entered.",
69959,AmazonHelp,69957,@131827 I understand how worrisome such a situation can be. I'd like to inform you that we've sent the correspondence to your registered email ID. Kindly check it here: ^EM,69957,131827,@AmazonHelp Sir waiting for your early action. huge amount is blocked,account_access,69961,account_access,0.299824379674715,ESCALATE,account_access is high-risk; low intent confidence (0.30),Thanks for flagging this. I’m routing this to a support specialist so they can review the details securely.,"[{""customer"": ""@115850 y my number is blocked ?"", ""historical_reply"": ""@124278 You can connect with us via our e-mail support. We would be happy to help you. ^CB"", ""similarity"": 0.269, ""case_id"": ""38123""}, {""customer"": ""@AmazonHelp still waiting for a refund..."", ""historical_reply"": ""@146145 I'm sorry, did you contact our customer service team here: ^SI"", ""similarity"": 0.184, ""case_id"": ""133767""}, {""customer"": ""@115850 I'm waiting for that ..."", ""historical_reply"": ""@145223 You'd receive an update anytime soon. Appreciate your patience. ^EM"", ""similarity"": 0.181, ""case_id"": ""129645""}]",account_access,FALSE,1,1,1,2,2,2.0,2.0,2.0,2.0,2.0,account_access,False,"Review the suggestion against customer_text, draft_reply, and evidence_json. Human fields must be independently entered.",
11589,AmazonHelp,11590,"@118231 Hi, you should have received an email with an update over your account. We will not be check this for you. ^RW",11590,118231,@115851 my Amazonid is __email__ is blocked since 3months please unblock it.,account_access,11590,account_access,0.7878046068541967,ESCALATE,account_access is high-risk,Thanks for flagging this. I’m routing this to a support specialist so they can review the details securely.,"[{""customer"": ""@115850 y my number is blocked ?"", ""historical_reply"": ""@124278 You can connect with us via our e-mail support. We would be happy to help you. ^CB"", ""similarity"": 0.296, ""case_id"": ""38123""}, {""customer"": ""@AmazonHelp I have not received any mail s from your end. My mail I'd is __email__"", ""historical_reply"": ""@131812 We have sent you mail correspondence to your registered e-mail address; you may check this here: Also, please don't provide your order details, we consider it to be personal information. Our page is visible to the public. ^VH"", ""similarity"": 0.202, ""case_id"": ""69811""}, {""customer"": ""@AmazonHelp __email__ is my register email id..it is bloked not repsse by ur stuck"", ""historical_reply"": ""@122366 Please don't provide your order details, as we consider it to be personal information. 2/2 ^AP"", ""similarity"": 0.175, ""case_id"": ""28928""}]",account_access,FALSE,1,1,1,2,2,2.0,2.0,2.0,2.0,2.0,account_access,False,"Review the suggestion against customer_text, draft_reply, and evidence_json. Human fields must be independently entered.",
69956,AmazonHelp,69958,"@131827 I’d like to assist you with this, please fill this form: and I’ll contact you at the earliest ^RW",69958,131827,@AmazonHelp Sir already reported to the support team and also talk with the costumer service help line nos several times and answer is enquiry is going on. since last 54 days I am very much harrassing becz of a huge amount is blocked. kindly help,account_access,69961,complaint,0.1642788125743086,ESCALATE,low intent confidence (0.16); weak historical match (0.16); possible multi-issue message,Thanks for flagging this. I’m routing this to a support specialist so they can review the details securely.,"[{""customer"": ""@115850 Reported to the team. Still no update. Kindly address"", ""historical_reply"": ""@133926 In that case, I would request you to share your details here: and we'll investigate on your issue on priority. ^HS"", ""similarity"": 0.163, ""case_id"": ""80800""}, {""customer"": ""@AmazonHelp i had already written several times"", ""historical_reply"": ""@146436 If you've shared your details, you must have received an email correspondence by the social media team by now. Request you to check and respond to it for further assistance. ^NK"", ""similarity"": 0.142, ""case_id"": ""135116""}, {""customer"": ""@115850 y my number is blocked ?"", ""historical_reply"": ""@124278 You can connect with us via our e-mail support. We would be happy to help you. ^CB"", ""similarity"": 0.139, ""case_id"": ""38123""}]",account_access,FALSE,1,1,1,2,2,2.0,2.0,2.0,2.0,2.0,complaint,False,"Review the suggestion against customer_text, draft_reply, and evidence_json. Human fields must be independently entered.",
77536,AmazonHelp,77537,@133274 Is the email address you are accessing the same as the one you registered your Amazon account with?^SM,77537,133274,@AmazonHelp Trying to reset my password because I don't remember it and the code isn't coming through. Have tried 3 times!! Not in my junk folder either.,account_access,77537,account_access,0.6713745743577881,ESCALATE,account_access is high-risk; low intent confidence (0.67); weak historical match (0.20); possible multi-issue message,Thanks for flagging this. I’m routing this to a support specialist so they can review the details securely.,"[{""customer"": ""@AmazonHelp I was told I'd receive an email to reset my password since my account was hacked and 5 phone calls later nothing."", ""historical_reply"": ""@122588 Have you checked your junk/spam folders to make sure the e-mails aren't getting filtered out? ^MJ"", ""similarity"": 0.197, ""case_id"": ""29943""}, {""customer"": ""@AmazonHelp No. That is the problem. The last I received is about my order. I tried reset my password couple times, but it didn't help"", ""historical_reply"": ""@148042 Thanks for the update! We'd be happy to help, can you let us know which site you're using ( Amazon.cn, etc.)? ^GS"", ""similarity"": 0.184, ""case_id"": ""141984""}, {""customer"": ""@AmazonHelp i reset my password 3 times and it still says incorrect you gotta be shitting me"", ""historical_reply"": ""@116611 I'm sorry for the trouble! Have you tried the steps outlined here? ^LA"", ""similarity"": 0.183, ""case_id"": ""3729""}]",account_access,FALSE,1,1,1,2,2,2.0,2.0,2.0,2.0,2.0,account_access,False,"Review the suggestion against customer_text, draft_reply, and evidence_json. Human fields must be independently entered.",
73495,AmazonHelp,73496,"@132434 Hi, sorry to hear your having and issue putting in the code. Please reach out to us here: so we can take a look.^ES",73496,132434,@115821 how am I supposed to login to amazon hub if the login box only accepts 10 characters?,account_access,73496,account_access,0.6491027907413109,ESCALATE,account_access is high-risk; low intent confidence (0.65),Thanks for flagging this. I’m routing this to a support specialist so they can review the details securely.,"[{""customer"": ""@AmazonHelp This is the link to login to the account. It is still not working."", ""historical_reply"": ""@147142 You can click on 'Skip Sign-in' and fill in the details requested. As soon as we receive your details; we'll check and reach out to you with an update. ^VN"", ""similarity"": 0.262, ""case_id"": ""138261""}, {""customer"": ""@115830 been trying to login to my account to place an order, but it won\u2019t let me! What\u2019s going on?! #Irritating"", ""historical_reply"": ""@132121 Hi Zoe, have you checked to make sure your username and password are correct? You could always try to choose the \""forgot username/password\"" option and follow the instructions from there. ^HS"", ""similarity"": 0.192, ""case_id"": ""71845""}, {""customer"": ""@115830 Grrr. Trying to checkout, item eligible for free delivery, but it keeps coming up as standard delivery. How am I supposed to get the free delivery when it won\u2019t let me"", ""historical_reply"": ""@147342 Sorry to hear. What is the item? Is it fulfilled by Amazon? Are you able to send a link and we can look into it?^PK"", ""similarity"": 0.171, ""case_id"": ""139086""}]",account_access,FALSE,1,1,1,2,2,2.0,2.0,2.0,2.0,2.0,account_access,False,"Review the suggestion against customer_text, draft_reply, and evidence_json. Human fields must be independently entered.",
19213,AmazonHelp,19214,"@120230 Hi, sorry to hear that you're having trouble logging in. Please contact us here: to look into this.^JJ",19214,120230,"Can't change my new Email address with @115821 ! I'm repeatedly told: ""There was a problem with your Password""",account_access,19214,account_access,0.7425427317727522,ESCALATE,account_access is high-risk,Thanks for flagging this. I’m routing this to a support specialist so they can review the details securely.,"[{""customer"": ""Can't change my new Email address with @115821 ! I'm repeatedly told: \""There was a problem with your Password\""...."", ""historical_reply"": ""@120230 Hey, did you try and change your password first? Do you have access to the email address associated with your account? ^AS"", ""similarity"": 1.0, ""case_id"": ""18969""}, {""customer"": ""@AmazonHelp I have added my email address with the account kindly get back with the resolution"", ""historical_reply"": ""@121399 In that case, please fill in form once again here: and let us know. We'll check and reach out to you. ^VN"", ""similarity"": 0.17, ""case_id"": ""24951""}, {""customer"": ""@AmazonHelp HI Amazon, where can I change my country of residence? Thanks"", ""historical_reply"": ""@137090 Hello Joe, can you please explain more? ^ARC"", ""similarity"": 0.159, ""case_id"": ""96645""}]",account_access,FALSE,1,1,1,2,2,2.0,2.0,2.0,2.0,2.0,account_access,False,"Review the suggestion against customer_text, draft_reply, and evidence_json. Human fields must be independently entered.",
73629,AmazonHelp,73631,"@132469 Hi, if you are getting verification codes sent to an old phone number, can you please update your new number on your account? You can find the instructions on how to do this here: ^KI",73631,132469,"Gee, thanks for suddenly wanting me to enter a random code that you sent to my old phone without reason, @115830 . I sold that phone. And the password was correct. But you know. Good job.",account_access,73631,account_access,0.1402534681967436,ESCALATE,account_access is high-risk; low intent confidence (0.14); weak historical match (0.17); possible multi-issue message,Thanks for flagging this. I’m routing this to a support specialist so they can review the details securely.,"[{""customer"": ""@115851 @115850 i need a new phone. My old phone is broken. Will you give me a one! Thank you"", ""historical_reply"": ""@134785 We'd love to send you one new phone if you place an order of your preferred choice. :-) ^MN"", ""similarity"": 0.172, ""case_id"": ""93711""}, {""customer"": ""@AmazonHelp Did you find the message that you sent ? Can I have the link to that ?"", ""historical_reply"": ""@133921 We apologize for the delay in the response. Be assured that we will get in touch with you at the earliest. ^BV"", ""similarity"": 0.135, ""case_id"": ""80776""}, {""customer"": ""@AmazonHelp Amazon. I got an email stating that my orders had been stopped and that I had to enter info about the phone number, address, and card #."", ""historical_reply"": ""@124852 Thanks for the info! In the e-mail, there should be a secure fax line to send the info to. Do you see it listed in there? ^AL"", ""similarity"": 0.13, ""case_id"": ""40376""}]",account_access,FALSE,1,1,1,2,2,2.0,2.0,2.0,2.0,2.0,account_access,False,"Review the suggestion against customer_text, draft_reply, and evidence_json. Human fields must be independently entered.",
22528,AmazonHelp,22526,@120919 Is there any option to skip login at the bottom of the login? ^PK,22526,120919,"@AmazonHelp hahahaha, you sent me this yesterday. If my problem is, I can't login, how do you expect me to complete this page I have to log in to?",account_access,22527,account_access,0.6429026358353478,ESCALATE,account_access is high-risk; low intent confidence (0.64); weak historical match (0.17),Thanks for flagging this. I’m routing this to a support specialist so they can review the details securely.,"[{""customer"": ""@AmazonHelp You have to log in. I don't remember the email address I used. Can you look up the account by my bank information?"", ""historical_reply"": ""@116082 It would be best if you get in touch with us by phone or chat.use this link to do so: ^CH"", ""similarity"": 0.166, ""case_id"": ""1701""}, {""customer"": ""@115830 I've been waiting for a parcel that was meant to arrive on Monday, to log in to my orders today to find that it is being returned"", ""historical_reply"": ""@122922 Did you get any email confirmation about this return? ^KM"", ""similarity"": 0.157, ""case_id"": ""31402""}, {""customer"": ""@AmazonHelp I can't log in to my account to even do that. That's the issue. I have Zero access cause it's been hacked."", ""historical_reply"": ""@122588 No problem, Heather! Below the Sign In button there is the option to Skip Sign In. Click on that since you don't have access."", ""similarity"": 0.14, ""case_id"": ""29948""}]",account_access,FALSE,1,1,1,2,2,2.0,2.0,2.0,2.0,2.0,account_access,False,"Review the suggestion against customer_text, draft_reply, and evidence_json. Human fields must be independently entered.",
21857,AmazonHelp,21858,@120765 Hi. If you get in touch: we'll be happy to look into this with you. ^DC,21858,120765,"@AmazonHelp OKAY, now I get ""connection timed out"", does GFW play a part here? (I'm in China). Even though, why ""wrong password""?",account_access,21861,information_request,0.1987886459999368,ESCALATE,low intent confidence (0.20); weak historical match (0.20),Thanks for flagging this. I’m routing this to a support specialist so they can review the details securely.,"[{""customer"": ""@AmazonHelp Okay. Mais pourquoi ?"", ""historical_reply"": ""@149048 Nous n'acceptons pas le paiement par PayPal. Ceci dit notre but est avant tout de satisfaire les attentes de nos clients, c'est pourquoi j'ai transmis votre remarque au d\u00e9partement concern\u00e9 pour qu'elle soit prise en consid\u00e9ration. ^ASZ"", ""similarity"": 0.198, ""case_id"": ""145698""}, {""customer"": ""@AmazonHelp Okay, so package has just been delivered even though I\u2019m sure it says you stop delivery at 8!! \ud83d\ude29\ud83d\ude29\ud83d\ude29"", ""historical_reply"": ""@132426 Thank you for letting us know it's arrived. If you would like, you're welcome to provide feedback about your experience to us using the following link: ^ST"", ""similarity"": 0.189, ""case_id"": ""73447""}, {""customer"": ""@AmazonHelp Okay. I just reported it"", ""historical_reply"": ""@133292 Thanks for writing back. Once you report to our support team, they will ensure to sort this out for you at the earliest. Do keep us posted for any further concern. ^PR"", ""similarity"": 0.181, ""case_id"": ""77623""}]",account_access,FALSE,1,1,1,2,2,2.0,2.0,2.0,2.0,2.0,information_request,False,"Review the suggestion against customer_text, draft_reply, and evidence_json. Human fields must be independently entered.",
73492,AmazonHelp,73491,@132434 Sorry to hear that. Could you attempt to access the website using an alternative device or browser?^TI,73491,132434,@AmazonHelp I’ve checked. There’s nothing there. I’m very alarmed that Hub website won’t allow more than 10 characters in the login box,account_access,73496,other,0.1722758081586161,ESCALATE,low intent confidence (0.17),Thanks for flagging this. I’m routing this to a support specialist so they can review the details securely.,"[{""customer"": ""@AmazonHelp There\u2019s nothing there"", ""historical_reply"": ""@145378 Order cancellation always follows with an email explaining the reason. I would request you to please check the message center in your app or in the spam folder of your inbox for an update from us. Thank you for understanding. ^SI"", ""similarity"": 0.387, ""case_id"": ""130257""}, {""customer"": ""@120474 website won't allow me to buy Brighton Morrissey tickets. Always 'exceeded maximum number allowed'. Even if you ask for one"", ""historical_reply"": ""@121995 Please reach out here so we can check this for you ^KM"", ""similarity"": 0.176, ""case_id"": ""27375""}, {""customer"": ""@AmazonHelp I have checked there is no email from amazon, and amazon is in safe senders list."", ""historical_reply"": ""@117791 If you haven't received any email, please share your details here: and we'll get back to you. ^HD"", ""similarity"": 0.13, ""case_id"": ""9801""}]",account_access,FALSE,1,1,1,2,2,2.0,2.0,2.0,2.0,2.0,other,False,"Review the suggestion against customer_text, draft_reply, and evidence_json. Human fields must be independently entered.",
118798,AmazonHelp,118800,@142334 I'm sorry you've been having troubles with your account; please use the following link so we can help provide real-time assistance: ^WM,118800,142334,@115821 Trying to do some shopping. I’ve had to reset my password 4x now it still says my password is incorrect. Please help.,account_access,118800,account_access,0.8115240148683511,ESCALATE,account_access is high-risk,Thanks for flagging this. I’m routing this to a support specialist so they can review the details securely.,"[{""customer"": ""@AmazonHelp i reset my password 3 times and it still says incorrect you gotta be shitting me"", ""historical_reply"": ""@116611 I'm sorry for the trouble! Have you tried the steps outlined here? ^LA"", ""similarity"": 0.335, ""case_id"": ""3729""}, {""customer"": ""@AmazonHelp How should I do this? I can't log into my account! Don't you get it?! I reset my password, but the new password is also incorrect."", ""historical_reply"": ""@148042 Apologies, please click on this link not requiring you to sign in instead: ^BD"", ""similarity"": 0.302, ""case_id"": ""141978""}, {""customer"": ""@AmazonHelp I was told I'd receive an email to reset my password since my account was hacked and 5 phone calls later nothing."", ""historical_reply"": ""@122588 Have you checked your junk/spam folders to make sure the e-mails aren't getting filtered out? ^MJ"", ""similarity"": 0.241, ""case_id"": ""29943""}]",account_access,FALSE,1,1,1,2,2,2.0,2.0,2.0,2.0,2.0,account_access,False,"Review the suggestion against customer_text, draft_reply, and evidence_json. Human fields must be independently entered.",
21859,AmazonHelp,21861,"@120765 Hi, sorry to hear. Are you receiving an error message? ^TP",21861,120765,"@115833 Alexa, I can't login to iOS app, can you help? I'm in China",account_access,21861,account_access,0.3805717560272494,ESCALATE,account_access is high-risk; low intent confidence (0.38); weak historical match (0.18),Thanks for flagging this. I’m routing this to a support specialist so they can review the details securely.,"[{""customer"": ""Today I discovered you cannot have a @115833 Alexa and a dog in the same room"", ""historical_reply"": ""@134830 This deserves a round of appaws! \ud83d\ude01\ud83d\udc36\u2764\ufe0f ^TH"", ""similarity"": 0.178, ""case_id"": ""86252""}, {""customer"": ""Hey @115821 wth does this mean? How can the iOS app on the phone be offline? #AmazonEcho"", ""historical_reply"": ""@119906 I'm sorry about the error you're seeing! Please try uninstalling and reinstalling the app. Let us know how it goes. ^JP"", ""similarity"": 0.171, ""case_id"": ""17672""}, {""customer"": ""Thanks to @116935 for an easy-to-use and fast-connection iOS App! #BehindTheSmile"", ""historical_reply"": ""@142702 You're welcome! We love hearing your feedback. You made our day!!! \ud83c\udfb9\ud83c\udfb6\ud83c\udfb8 ^JN"", ""similarity"": 0.164, ""case_id"": ""120273""}]",account_access,FALSE,1,1,1,2,2,2.0,2.0,2.0,2.0,2.0,account_access,False,"Review the suggestion against customer_text, draft_reply, and evidence_json. Human fields must be independently entered.",
21872,AmazonHelp,21860,@120765 Can you try to change your password? ^AS,21860,120765,"@AmazonHelp Error message telling me ""wrong password"", but I am 100% sure my password was right. This happens to everyone around me ...",account_access,21861,account_access,0.3953536546116507,ESCALATE,account_access is high-risk; low intent confidence (0.40); weak historical match (0.18),Thanks for flagging this. I’m routing this to a support specialist so they can review the details securely.,"[{""customer"": ""@AmazonHelp How should I do this? I can't log into my account! Don't you get it?! I reset my password, but the new password is also incorrect."", ""historical_reply"": ""@148042 Apologies, please click on this link not requiring you to sign in instead: ^BD"", ""similarity"": 0.181, ""case_id"": ""141978""}, {""customer"": ""@AmazonHelp AHHHH IM FRRAKING OUT I CLICK EVERY EMAIL THAT SAYS AMAZON! IVE CHANGED MY PASSWORD BUT \ud83d\ude2d"", ""historical_reply"": ""@141795 Your account security is our top priority! If you've clicked on an attachment or link from one of these e-mails, follow the steps here: ^DG"", ""similarity"": 0.149, ""case_id"": ""115851""}, {""customer"": ""@115821 I have 2 packages 2 Days late I can\u2019t log in into my account to track them it keeps telling me incorrect password even if restart my password! #113-1965971-6223429 that\u2019s my confirmation order"", ""historical_reply"": ""@137571 Hello! I'm so sorry about this! Unfortunately we do not have access to your account via Twitter. Please reach out to us here: and we'll be more than happy to assist! - Jessica A."", ""similarity"": 0.147, ""case_id"": ""98573""}]",account_access,FALSE,1,1,1,2,2,2.0,2.0,2.0,2.0,2.0,account_access,False,"Review the suggestion against customer_text, draft_reply, and evidence_json. Human fields must be independently entered.",
107264,AmazonHelp,107267,"@139823 At your convenience, please reach us directly via the following link. It will enable you to skip sign in so you can report this issue to us: ^BV",107267,139823,@AmazonHelp I've had no emails only the confirmation emails that password has been reset and still doesn't let me log in just says incorrect password,account_access,107270,account_access,0.7525461046684603,ESCALATE,account_access is high-risk; possible multi-issue message,Thanks for flagging this. I’m routing this to a support specialist so they can review the details securely.,"[{""customer"": ""@148042 @AmazonHelp I'm having the same issue - 'incorrect password' yet its not. no emails about account being locked. the code you send to reset password is not being delivered either."", ""historical_reply"": ""@148062 Hey Tony, can you contact us so that we can look into this for you:"", ""similarity"": 0.204, ""case_id"": ""141985""}, {""customer"": ""@AmazonHelp i reset my password 3 times and it still says incorrect you gotta be shitting me"", ""historical_reply"": ""@116611 I'm sorry for the trouble! Have you tried the steps outlined here? ^LA"", ""similarity"": 0.203, ""case_id"": ""3729""}, {""customer"": ""@115821 if you don't let me log in right now i will lose it"", ""historical_reply"": ""@149058 Hey, sorry to hear. Are you getting an error message when trying to sign in? Have you tried signing in using the incorrect email address you originally used? Please keep us posted. ^TP"", ""similarity"": 0.187, ""case_id"": ""145742""}]",account_access,FALSE,1,1,1,2,2,2.0,2.0,2.0,2.0,2.0,account_access,False,"Review the suggestion against customer_text, draft_reply, and evidence_json. Human fields must be independently entered.",
75828,AmazonHelp,75830,"@132978 I'll be happy to help with this! To confirm, have you had a chance to try a full restart? Many issues with your Kindle can be solved by restarting your device: Please keep us posted! ^SD",75830,132978,The keypad on my Kindle fire has disappeared. The whole thing seems locked. Anyone out there who can advise? @AmazonHelp,account_access,75830,information_request,0.231537699519936,ESCALATE,low intent confidence (0.23),Thanks for flagging this. I’m routing this to a support specialist so they can review the details securely.,"[{""customer"": ""@AmazonHelp Anyone out there"", ""historical_reply"": ""@124468 This may be helpful: If this doesn't help to answer, reach us phone/chat: ^KN"", ""similarity"": 0.385, ""case_id"": ""38807""}, {""customer"": ""@AmazonHelp non ho il kindle fire"", ""historical_reply"": ""@134786 Grazie per l'aggiornamento. I numeri di pagina corrispondenti alla versione cartacea non sono disponibili per tutti gli eBook Kindle. Quale dispositivo stai utilizzando? ^LF"", ""similarity"": 0.173, ""case_id"": ""86029""}, {""customer"": ""@AmazonHelp I wrote 4 reviews yesterday evening. All positive &amp; 1 has disappeared?"", ""historical_reply"": ""@127745 Just to confirm you didn't violate any of these guidelines correct? ^LS"", ""similarity"": 0.145, ""case_id"": ""52235""}]",account_access,FALSE,1,1,1,2,2,2.0,2.0,2.0,2.0,2.0,information_request,False,"Review the suggestion against customer_text, draft_reply, and evidence_json. Human fields must be independently entered.",
118801,AmazonHelp,118799,@142334 The link provided doesn't require you to sign in and will help you get in touch with us so we can help you regain access to your account. Have you spoken with us yet? ^MT,118799,142334,"@AmazonHelp I’ve changed my password another 3x using the link you sent, which is the same way I’ve been changing it. I’ll just shop elsewhere this weekend.",account_access,118800,account_access,0.3408679861228957,ESCALATE,account_access is high-risk; low intent confidence (0.34),Thanks for flagging this. I’m routing this to a support specialist so they can review the details securely.,"[{""customer"": ""@AmazonHelp I\u2019ve already done this and changed my password and it still won\u2019t log me in \ud83e\udd37\ud83c\udffc\u200d\u2640\ufe0f"", ""historical_reply"": ""@132121 Sorry to hear this. Please reach out to us here: so we can look into this for you.^ES"", ""similarity"": 0.223, ""case_id"": ""71843""}, {""customer"": ""@AmazonHelp Did you find the message that you sent ? Can I have the link to that ?"", ""historical_reply"": ""@133921 We apologize for the delay in the response. Be assured that we will get in touch with you at the earliest. ^BV"", ""similarity"": 0.139, ""case_id"": ""80776""}, {""customer"": ""@AmazonHelp AHHHH IM FRRAKING OUT I CLICK EVERY EMAIL THAT SAYS AMAZON! IVE CHANGED MY PASSWORD BUT \ud83d\ude2d"", ""historical_reply"": ""@141795 Your account security is our top priority! If you've clicked on an attachment or link from one of these e-mails, follow the steps here: ^DG"", ""similarity"": 0.135, ""case_id"": ""115851""}]",account_access,FALSE,1,1,1,2,2,2.0,2.0,2.0,2.0,2.0,account_access,False,"Review the suggestion against customer_text, draft_reply, and evidence_json. Human fields must be independently entered.",
142941,AmazonHelp,142942,"@148062 Hi Tony, sorry to hear this. Can you contact us so that we can look into this for you:",142942,148062,@AmazonHelp I can't access my account and the 'reset password' emails aren't being delivered to me. Help?!?,account_access,142942,account_access,0.8307187667306304,ESCALATE,account_access is high-risk; possible multi-issue message,Thanks for flagging this. I’m routing this to a support specialist so they can review the details securely.,"[{""customer"": ""@148042 @AmazonHelp I'm having the same issue - 'incorrect password' yet its not. no emails about account being locked. the code you send to reset password is not being delivered either."", ""historical_reply"": ""@148062 Hey Tony, can you contact us so that we can look into this for you:"", ""similarity"": 0.257, ""case_id"": ""141985""}, {""customer"": ""@AmazonHelp Hi, can't access chat as I'm locked out of my account and phone is too expensive since I'm outside the US &amp; I'm sure it's not toll free."", ""historical_reply"": ""@120609 You can try requesting a call back here: ^PK"", ""similarity"": 0.17, ""case_id"": ""21027""}, {""customer"": ""@115830 does this class as being delivered to my house?! Shocking!"", ""historical_reply"": ""@140396 I'm so sorry for any trouble! Do you have a safe place for your deliveries set up? If not, you can select one to prevent this from happening in the future: ^BL"", ""similarity"": 0.166, ""case_id"": ""109887""}]",account_access,FALSE,1,1,1,2,2,2.0,2.0,2.0,2.0,2.0,account_access,False,"Review the suggestion against customer_text, draft_reply, and evidence_json. Human fields must be independently entered.",
83375,AmazonHelp,83374,"@134321 If you have written back to us, we shall surely review the situation and get back to you at the earliest. Appreciate your patience here. ^CB",83374,134321,"@AmazonHelp Already replied. Ur representative had replied totally out of context. I want to ask when you are giving instant discount in lieu of the interest charged on EMIs for partner banks one of which is ICICI, why am I not getting the discount?",billing_charge,83366,information_request,0.2920213475631277,ESCALATE,low intent confidence (0.29),Thanks for flagging this. I’m routing this to a support specialist so they can review the details securely.,"[{""customer"": ""@AmazonHelp I already replied"", ""historical_reply"": ""@120469 Thanks for the update, we've received your reply to our correspondence. We'll get back to you at the earliest. ^SC"", ""similarity"": 0.316, ""case_id"": ""20458""}, {""customer"": ""@AmazonHelp I already replied on it yesterday but till now there is no call and msg"", ""historical_reply"": ""@145540 We have checked if from our end, no correspondence sent. An email has already been sent with a reply. Kindly check it from the link shared here: and reply to it for further assistance. ^HR"", ""similarity"": 0.132, ""case_id"": ""130846""}, {""customer"": ""@115821 what is the use of Prime Membership if I am not getting my parcel on time."", ""historical_reply"": ""@119791 We're sorry for the delay in the delivery of your order. Please contact us here: and we'll help you ^ZH"", ""similarity"": 0.125, ""case_id"": ""17216""}]",billing_charge,FALSE,1,1,1,2,2,2.0,2.0,2.0,2.0,2.0,information_request,False,"Review the suggestion against customer_text, draft_reply, and evidence_json. Human fields must be independently entered.",
78850,AmazonHelp,78851,"@133581 That's unusual. Please report this to our support team here: We'll assist you further. Please don't provide your order details, we consider it to be personal information. Our page is visible to the public. ^JS",78851,133581,@115850 recharged my Jio using Amazon Pay on 10th Nov with an offer of 99Rs of cashback.Received a message that it will be credited within 7 days.14days down the line still no sight of the cashback. Order ID:405-1642007-6844337. Kindly check,billing_charge,78851,delivery_status,0.1602398455799349,ESCALATE,low intent confidence (0.16); weak historical match (0.15),Thanks for flagging this. I’m routing this to a support specialist so they can review the details securely.,"[{""customer"": ""@AmazonHelp details sent. kindly check"", ""historical_reply"": ""@132737 Thanks for confirming. We'll reach out to you soon with an update. ^SG"", ""similarity"": 0.146, ""case_id"": ""74782""}, {""customer"": ""Why is @115850 trying to cheat me of Rs 960? Are things so bad with @115821 ? Bluffed me saying refund will be credited within 24-48 hours. It\u2019s been twice that time. Stop bullshitting and refund my money. @AmazonHelp"", ""historical_reply"": ""@146417 I'm sorry for the delay in refund. This is never our intention. Please share your details here: and I\u2019ll contact you soon. ^SM"", ""similarity"": 0.124, ""case_id"": ""134958""}, {""customer"": ""@AmazonHelp @115850 raised the concern (again) as suggested. Another mail from cust care suggests that money will get credited within 3 days. #fingerscrossed #anotherpromise @115851 #amazonfails"", ""historical_reply"": ""@130696 We understand your concern regarding Amazon Pay. Could you please confirm if you have shared the details on the link provided earlier. ^VH"", ""similarity"": 0.121, ""case_id"": ""63998""}]",billing_charge,FALSE,1,1,1,2,2,2.0,2.0,2.0,2.0,2.0,delivery_status,False,"Review the suggestion against customer_text, draft_reply, and evidence_json. Human fields must be independently entered.",
52916,AmazonHelp,52917,@127918 We can help here: Our contact options will be listed after selecting your concern. ^RA,52917,127918,"@AmazonHelp I’m planning to in a few minutes, is there a phone number associated with credit card issues? I already spoke to my credit card issuer",billing_charge,52919,billing_charge,0.6083841436877432,ESCALATE,billing_charge is high-risk; low intent confidence (0.61); weak historical match (0.19),Thanks for flagging this. I’m routing this to a support specialist so they can review the details securely.,"[{""customer"": ""Amazon- worst experience. Ordered phone got different one. Left with credit card bill and a phone- notmy choice. @115850 @115821 helpless"", ""historical_reply"": ""@140017 Sorry to know you've received a different product, Falguni. Please reach us from here: we'll check your details and assist you further. ^SV"", ""similarity"": 0.191, ""case_id"": ""108201""}, {""customer"": ""@115821 Deducting $10.99 from my credit card every month. Tried reaching you on your toll-free number but no help."", ""historical_reply"": ""@121405 I apologize for the trouble! What options were you given when you called in and spoke with us? ^NC"", ""similarity"": 0.175, ""case_id"": ""24999""}, {""customer"": ""Dear @AmazonHelp - I have removed my credit card and will be closing my account as there seems to be no way to stop something I don't want. Twitter is last resort."", ""historical_reply"": ""@145247 I'm sorry for any inconvenience! Without sharing personal or account specific information, can you tell us more about what's going on? ^EZ"", ""similarity"": 0.165, ""case_id"": ""129727""}]",billing_charge,FALSE,1,1,1,2,2,1.0,2.0,1.0,2.0,2.0,billing_charge,False,"Review the suggestion against customer_text, draft_reply, and evidence_json. Human fields must be independently entered.",
132573,AmazonHelp,132575,"@145909 We are sorry you feel that way. To know more about our pricing check this link out: Please don't provide your order details, as we consider it to be personal information. Our Twitter page is visible to the public. ^VM",132575,145909,@145910 @115850 MRP is rs 135 inclusive of all taxes and delivery is free but I paid Rs 215 for this product how you can charge more than MRP? @7664 @118341,billing_charge,132575,billing_charge,0.3583048226687572,ESCALATE,billing_charge is high-risk; low intent confidence (0.36); possible multi-issue message,Thanks for flagging this. I’m routing this to a support specialist so they can review the details securely.,"[{""customer"": ""@AmazonHelp What do you mean prices are ever changing? Is @115850 a stock exchange? And how can you charge more than MRP? Should I sue you?"", ""historical_reply"": ""@120171 We'd like to have a look into this. Kindly report it here: and our team will assist further. ^AB"", ""similarity"": 0.217, ""case_id"": ""18689""}, {""customer"": ""@AmazonHelp how can u sell something higher than MRP??"", ""historical_reply"": ""@126976 and our efforts to offer you the lowest price, may result in fluctuations in our prices over time.2/2^HN"", ""similarity"": 0.184, ""case_id"": ""49134""}, {""customer"": ""@115850 why to you promise false discounts with wrong mrp ...the device I bought showed a mrp of 7999 when its actual mrp is 7499"", ""historical_reply"": ""@118504 from our sellers. You may also visit this link: for more information. 2/2 ^MK"", ""similarity"": 0.136, ""case_id"": ""12511""}]",billing_charge,FALSE,1,1,1,2,2,1.0,2.0,1.0,2.0,2.0,billing_charge,False,"Review the suggestion against customer_text, draft_reply, and evidence_json. Human fields must be independently entered.",
137088,AmazonHelp,137086,@146914 Please don’t provide your order details as we consider them to be personal information. Our page is visible to the public. 2/2^SC,137086,146914,@AmazonHelp I am not telling you to transfer to bank account. I am telling to you transfer order amount to original payment method If have paid from card then give to card. I have not used my order amount in Amazon.,billing_charge,137087,billing_charge,0.5311584766965348,ESCALATE,billing_charge is high-risk; low intent confidence (0.53); weak historical match (0.16),Thanks for flagging this. I’m routing this to a support specialist so they can review the details securely.,"[{""customer"": ""@AmazonHelp I have not"", ""historical_reply"": ""@138648 Without sharing personal account details, can you tell us a bit more about what happened? ^VS"", ""similarity"": 0.163, ""case_id"": ""105185""}, {""customer"": ""@115821 I have a gift card but that is not useful for me as I am outside us and your import charge is too high and @115850 have similar kind of thing in very lower amount help me with this. Can you transfer it to @115850"", ""historical_reply"": ""@135893 Thank you for reaching out today! I'm sorry, an Gift Card can only be redeemed on the website where it was issued. You can find more about this here: If you have further questions, let us know! ^KN"", ""similarity"": 0.142, ""case_id"": ""91722""}, {""customer"": ""@AmazonHelp In general words, I'll get the amount back in my bank account?"", ""historical_reply"": ""@142685 If you have used your Debit card, the refund will go into your Bank account. ^MK"", ""similarity"": 0.129, ""case_id"": ""120199""}]",refund_request,FALSE,1,1,1,2,2,1.0,2.0,1.0,2.0,2.0,billing_charge,False,"Review the suggestion against customer_text, draft_reply, and evidence_json. Human fields must be independently entered.",
109846,AmazonHelp,109847,@140390 Absolutely! We only charge for an order once we are 100% sure it is on its way to you. I hope this information helps! ^JD,109847,140390,@AmazonHelp when will I be charged for my order? When it ships?,billing_charge,109847,billing_charge,0.6368658111901546,ESCALATE,billing_charge is high-risk; low intent confidence (0.64),Thanks for flagging this. I’m routing this to a support specialist so they can review the details securely.,"[{""customer"": ""@AmazonHelp when do you guys charge for the Xbox one X I preordered? It ships the 6th."", ""historical_reply"": ""@118828 Thanks for reaching out to us! You will be charged for your order once it ships out. ^FJ"", ""similarity"": 0.258, ""case_id"": ""13563""}, {""customer"": ""@AmazonHelp When will i be getting a refund of this product #help #pleasebesensable"", ""historical_reply"": ""@119701 Our team has sent you a correspondence. Kindly check it here: ^AP"", ""similarity"": 0.223, ""case_id"": ""16817""}, {""customer"": ""@AmazonHelp when will the Reputation albums be delivered?"", ""historical_reply"": ""@147108 Hi, what is the estimated delivery date given to you in your confirmation email?^MA"", ""similarity"": 0.217, ""case_id"": ""138094""}]",billing_charge,TRUE,1,1,1,2,2,1.0,2.0,1.0,2.0,2.0,billing_charge,False,"Review the suggestion against customer_text, draft_reply, and evidence_json. Human fields must be independently entered.",
64091,AmazonHelp,64092,"@130714 We cannot check accounts here, Sam. Can I ask has our emails been directed to your spam/junk folder please?^GA",64092,130714,"@AmazonHelp Not that I can find, but the payment is taken from my account? Can I DM you my email address?",billing_charge,64096,billing_charge,0.4011335540453567,ESCALATE,billing_charge is high-risk; low intent confidence (0.40),Thanks for flagging this. I’m routing this to a support specialist so they can review the details securely.,"[{""customer"": ""@AmazonHelp Not that I can see"", ""historical_reply"": ""@120848 Thank you for the information. We'd like to look into this. Please contact us via phone/chat: ^AL"", ""similarity"": 0.353, ""case_id"": ""22196""}, {""customer"": ""@AmazonHelp can I DM you instead?"", ""historical_reply"": ""@129186 I've just replied to your DM, thank you for your patience! ^LA"", ""similarity"": 0.336, ""case_id"": ""58087""}, {""customer"": ""@AmazonHelp I can\u2019t DM you my order ID? Strange, have to login to my account &amp; send u details, then that I have already done n number of times via app"", ""historical_reply"": ""@124161 Being Social Media platform, we can't access your account. Please fill in the details in the form provided earlier. ^JS"", ""similarity"": 0.229, ""case_id"": ""37596""}]",billing_charge,FALSE,1,1,1,2,2,2.0,2.0,2.0,2.0,2.0,billing_charge,False,"Review the suggestion against customer_text, draft_reply, and evidence_json. Human fields must be independently entered.",
124087,AmazonHelp,124089,"@143753 Hello, Mahdi. Thanks for reaching out to us today. We'll be glad to assist in any way possible. What is the country associated with your account? ^FJ",124089,143753,@115821 so how i suppose to do that if my both adress and my payment is from the same country,billing_charge,124089,billing_charge,0.4889173250731979,ESCALATE,billing_charge is high-risk; low intent confidence (0.49); weak historical match (0.20); possible multi-issue message,Thanks for flagging this. I’m routing this to a support specialist so they can review the details securely.,"[{""customer"": ""@AmazonHelp how do u do that?"", ""historical_reply"": ""@130242 To restart your device, please unplug it/plug it back in; this will reboot the system. More info: ^BE"", ""similarity"": 0.199, ""case_id"": ""62187""}, {""customer"": ""@115821 trying to place order. Amazon is requesting my Amazon Card number. I don\u2019t have a physical card so how can I do that lol"", ""historical_reply"": ""@144614 Hi there! You can request the full Amazon Store Card or Amazon Rewards Card number from the associated bank. Which card do you have so we can supply the bank contact info? ^SH"", ""similarity"": 0.147, ""case_id"": ""127429""}, {""customer"": ""I need to contact a seller I purchased something from but I can't figure out how to do that. @AmazonHelp"", ""historical_reply"": ""@137140 Thank you for reaching out to us! You can find information on how to contact a seller here: ^GR"", ""similarity"": 0.134, ""case_id"": ""96855""}]",information_request,TRUE,1,1,1,2,2,1.0,2.0,1.0,2.0,2.0,billing_charge,False,"Review the suggestion against customer_text, draft_reply, and evidence_json. Human fields must be independently entered.",
105130,AmazonHelp,105132,@139221 Sorry to hear this. Have you been given a time frame on the investigation? ^RS,105132,139221,@AmazonHelp No nothing except confirmation that an investigation is going on... it’s month end.. all bill payments/payments for school trips/reminders were set up on phone etc... this has created so much extra work for me... that I don’t have the time for,billing_charge,105134,billing_charge,0.288869866725383,ESCALATE,billing_charge is high-risk; low intent confidence (0.29); weak historical match (0.16),Thanks for flagging this. I’m routing this to a support specialist so they can review the details securely.,"[{""customer"": ""I signed up for Amazon Student Prime JUST IN TIME for school and Christmas."", ""historical_reply"": ""@124475 Perfect timing! \ud83d\ude0e What benefit so you think you'll use most? ^JJ"", ""similarity"": 0.157, ""case_id"": ""38844""}, {""customer"": ""@AmazonHelp No"", ""historical_reply"": ""@149057 Please give us a second chance. Give us a call here: at your earliest convenience so we can take a look. Please let us know the outcome of your conversation. ^EZ"", ""similarity"": 0.116, ""case_id"": ""145738""}, {""customer"": ""@AmazonHelp No"", ""historical_reply"": ""@122922 Oh no! Sometimes parcels are returned to us as undeliverable. You can read more about it here: ^TG"", ""similarity"": 0.116, ""case_id"": ""31401""}]",billing_charge,FALSE,1,1,1,2,2,2.0,2.0,2.0,2.0,2.0,billing_charge,False,"Review the suggestion against customer_text, draft_reply, and evidence_json. Human fields must be independently entered.",
83371,AmazonHelp,83368,"@134321 We'd like to understand this better and assist. Please share your details, here: Please don’t provide your details as we consider them to be personal information. Our Twitter page is visible to public. ^YP",83368,134321,"@AmazonHelp See for yourself, I am not getting any discount. As per the image on your T &amp; C page. Discount should be given here only. It means if I opt for a 9 month EMI then Rs1813 should be discounted from the total bill as that will be the interest charged on EMIs.",billing_charge,83366,billing_charge,0.4074858044701734,ESCALATE,billing_charge is high-risk; low intent confidence (0.41); possible multi-issue message,Thanks for flagging this. I’m routing this to a support specialist so they can review the details securely.,"[{""customer"": ""@AmazonHelp See for yourself"", ""historical_reply"": ""@141267 I see that this screenshot is on Amazon.de, is there a trial that has started on You can view this here: ^GR"", ""similarity"": 0.339, ""case_id"": ""113753""}, {""customer"": ""@AmazonHelp As per the screen shot in my first tweet I was told it was passed onto technical dept and should be resolved in 24hrs."", ""historical_reply"": ""@145701 You will receive an update from us as soon as our technical teams have looked into it.^PJ"", ""similarity"": 0.138, ""case_id"": ""131709""}, {""customer"": ""@115821 what is the use of Prime Membership if I am not getting my parcel on time."", ""historical_reply"": ""@119791 We're sorry for the delay in the delivery of your order. Please contact us here: and we'll help you ^ZH"", ""similarity"": 0.107, ""case_id"": ""17216""}]",billing_charge,FALSE,1,1,1,2,2,2.0,2.0,2.0,2.0,2.0,billing_charge,False,"Review the suggestion against customer_text, draft_reply, and evidence_json. Human fields must be independently entered.",
65877,AmazonHelp,65878,@131068 Happy to hear that!! We try our best to make you guys happy! ^AH,65878,131068,"@115850 Well Amazon pay is turning out to be useful, have recharged twice &amp; also got cashback 😊 #amazonpay @115850",billing_charge,65879,billing_charge,0.2551038995134558,ESCALATE,billing_charge is high-risk; low intent confidence (0.26); possible multi-issue message,Thanks for flagging this. I’m routing this to a support specialist so they can review the details securely.,"[{""customer"": ""@115850 #Amazon pay balance*"", ""historical_reply"": ""@144621 Hey Saleem, may I help you? ^SF"", ""similarity"": 0.227, ""case_id"": ""127453""}, {""customer"": ""@115850"", ""historical_reply"": ""@124275 I'm sorry about the situation. Kindly share your details here: and I'll look into this. ^SG"", ""similarity"": 0.206, ""case_id"": ""38100""}, {""customer"": ""@115850"", ""historical_reply"": ""@146146 Please don't provide your order details, as we consider them to be personal information. Our page is visible to the public. ^GK"", ""similarity"": 0.206, ""case_id"": ""133774""}]",other,TRUE,0,1,0,2,2,0.0,2.0,0.0,2.0,1.0,billing_charge,False,"Review the suggestion against customer_text, draft_reply, and evidence_json. Human fields must be independently entered.",
83365,AmazonHelp,83366,@134321 Please reach out to our support team here: for further assistance. (2/2)^GD,83366,134321,@AmazonHelp @115850 I am not getting any discount option on using ICICI credit card when u have mentioned the same in your terms and conditions.,billing_charge,83366,billing_charge,0.3457048202181215,ESCALATE,billing_charge is high-risk; low intent confidence (0.35); weak historical match (0.20); possible multi-issue message,Thanks for flagging this. I’m routing this to a support specialist so they can review the details securely.,"[{""customer"": ""@115850 ORDER # 405-0563842-3521944. When I ordered it, there was cashback of 10% on using icici card. I did not get the cash back"", ""historical_reply"": ""@123651 Please don\u2019t provide your order details as we consider them to be personal info. Our page is visible to public. ^SG(2/2)"", ""similarity"": 0.198, ""case_id"": ""35141""}, {""customer"": ""@AmazonHelp hi, I have a credit card charge for prime every month when I am not a subscriber. Can you help?"", ""historical_reply"": ""@121886 I'm sorry about the charge. Please report this to our support team here: we'll be happy to help. ^AR"", ""similarity"": 0.15, ""case_id"": ""26880""}, {""customer"": ""@115850 I am not able to see the video option on my echo dot. Hence not able to link fire TV as well."", ""historical_reply"": ""@132148 In India, Echo doesn't support Fire TV stick, for the time being. Keep checking the Echo page for new devices that will support Alexa. Stay tuned! ^HR"", ""similarity"": 0.149, ""case_id"": ""71972""}]",billing_charge,FALSE,1,1,1,2,2,2.0,2.0,2.0,2.0,2.0,billing_charge,False,"Review the suggestion against customer_text, draft_reply, and evidence_json. Human fields must be independently entered.",
78812,AmazonHelp,78810,"@133574 Sorry about that Tom, your unable to print a VAT invoice for a Prime Membership as it is intended for private use only. You can find more info on VAT invoices here: ^MI",78810,133574,@AmazonHelp Unfortunately not - You can get a 'Printable receipt' but no VAT invoice?,billing_charge,78811,billing_charge,0.2337385006005519,ESCALATE,billing_charge is high-risk; low intent confidence (0.23),Thanks for flagging this. I’m routing this to a support specialist so they can review the details securely.,"[{""customer"": ""@AmazonHelp How do you retrieve a VAT invoice from your prime now site?"", ""historical_reply"": ""@133574 Hey Tom! You can print the e-mail notification we send you, or you can take screenshots from the \""Your Orders\"" page through the Prime now app. Hope this helps! ^JC."", ""similarity"": 0.266, ""case_id"": ""137001""}, {""customer"": ""@AmazonHelp Please can you confirm that these are suitable for HMRC\u2019s perspective as a VAT invoice?"", ""historical_reply"": ""@133574 That's the information we have been provided with. Let us know if you need further assistance. ^MI"", ""similarity"": 0.229, ""case_id"": ""136998""}, {""customer"": ""@AmazonHelp Unfortunately I'll have to cancel it then..disappointed"", ""historical_reply"": ""@120934 I understand your concern, Rushikesh. I'll forward your feedback to the team concerned for review. ^HD"", ""similarity"": 0.183, ""case_id"": ""22592""}]",information_request,TRUE,1,1,1,2,2,1.0,2.0,1.0,2.0,2.0,billing_charge,False,"Review the suggestion against customer_text, draft_reply, and evidence_json. Human fields must be independently entered.",
134972,AmazonHelp,134970,@146419 I get your concern for the refund. The resolution given to you in our email is accurate. Please reply to the email by our team with further insight so we can assist you accordingly. ^PJ,134970,146419,"@AmazonHelp the correspondence didn't help, the same old reply to check with bank even though am charged by amazon. My hope relies on Avantika your chat executive now, have forwarded the required details to her on email.",billing_charge,134984,billing_charge,0.3045707715257296,ESCALATE,billing_charge is high-risk; low intent confidence (0.30); weak historical match (0.15),Thanks for flagging this. I’m routing this to a support specialist so they can review the details securely.,"[{""customer"": ""@AmazonHelp I have submitted all the required details, please do the necessary else i'll have to go to consumer forum this time :("", ""historical_reply"": ""@120039 Thanks for sharing your details. We'll get in touch with you soon. ^AK"", ""similarity"": 0.147, ""case_id"": ""18188""}, {""customer"": ""@115850 @121284 hey amazon, my echo dot is taking 4 days to be delivered even though I am in Mumbai. #disappointed #badService"", ""historical_reply"": ""@121649 We ship the packages to meet the estimates provided while placing the order. Did we happen to miss it? ^AR"", ""similarity"": 0.138, ""case_id"": ""25863""}, {""customer"": ""@AmazonHelp Thank you for your co-operation and have submitted all the required details in the given link. Hope, you will understand my ground and will take appropriate action soon. @115850"", ""historical_reply"": ""@147134 Thank you for sharing the required details through the secured link. We'll check with it and get back to you at the earliest. Appreciate your understanding. ^KH"", ""similarity"": 0.132, ""case_id"": ""138240""}]",billing_charge,FALSE,1,1,1,2,2,2.0,2.0,2.0,2.0,2.0,billing_charge,False,"Review the suggestion against customer_text, draft_reply, and evidence_json. Human fields must be independently entered.",
74805,AmazonHelp,65882,"@132741 Thank you so much for your kind words, Samit. We're happy when our customers are happy. :) ^HS",65882,132741,@115850 Indeed the best service. Absolutely loving it. It just needs a bank checkout feature. #AmazonPay #InstantPayment,billing_charge,65879,other,0.1873392811591833,ESCALATE,low intent confidence (0.19); weak historical match (0.16),Thanks for flagging this. I’m routing this to a support specialist so they can review the details securely.,"[{""customer"": ""@AmazonHelp #AmazonIndia i thought amazon had the best Service. Therefore ordered more than 100 items... But this incident lost my trust"", ""historical_reply"": ""@123814 Apologies for the unpleasant experience, this wasn't intended. We request your patience while we work on it ^BS"", ""similarity"": 0.164, ""case_id"": ""35920""}, {""customer"": ""@115850 @115850 is one of the best app in the world"", ""historical_reply"": ""@116921 Appreciate your kind words, Dhiraj. Enjoy your weekend. :) ^MK"", ""similarity"": 0.161, ""case_id"": ""5156""}, {""customer"": ""@AmazonHelp It just been delivered now!"", ""historical_reply"": ""@121666 Hurrayy! ^AS"", ""similarity"": 0.143, ""case_id"": ""25970""}]",other,TRUE,0,0,0,2,2,0.0,2.0,1.0,2.0,2.0,other,False,"Review the suggestion against customer_text, draft_reply, and evidence_json. Human fields must be independently entered.",
86245,AmazonHelp,86243,"@134827 We're always striving to improve our customers' experiences and feedback like yours is appreciated. I know we'd be happy to look into this, as well as pass feedback on to the courier. To reach out to us directly by phone or chat, click here: ^TG",86243,134827,@AmazonHelp Every item I’ve ordered in the last 2 weeks. Placed an order today said delivery tomorrow then at payment changes to 4th just one example. Not sure why I’m paying for prime....,billing_charge,86244,delivery_status,0.5369319662118429,ESCALATE,low intent confidence (0.54); weak historical match (0.18),Thanks for flagging this. I’m routing this to a support specialist so they can review the details securely.,"[{""customer"": ""Placed order today, said delivery would be Wed but just received email saying it'll be Thurs now? I'm a prime customer @AmazonHelp. Unhappy!"", ""historical_reply"": ""@119036 I'm so sorry for the frustration! What was the date given in the original confirmation e-mail: ^DG"", ""similarity"": 0.179, ""case_id"": ""14281""}, {""customer"": ""@AmazonHelp what is going on with your prime delivery over the last few orders I have done your supposed one day delivery has been 3 or 4 not sure why I pay for Amazon Prime when I don\u2019t get what I pay for!"", ""historical_reply"": ""@133551 We're here to help, sorry for any inconvenience caused! Are we missing the expected delivery date for your orders? Check: and let us know. We're here to help! ^JE"", ""similarity"": 0.134, ""case_id"": ""78688""}, {""customer"": ""Hey @115830 free 1 day delivery with a delivery date in 3 days? Why am I paying for prime?"", ""historical_reply"": ""@136262 Hey, Simon! The free 1-day delivery actually refers to after the item ships. You can find more information on how delivery dates are calculated here: ^DY"", ""similarity"": 0.124, ""case_id"": ""93497""}]",delivery_status,FALSE,1,1,1,2,2,1.0,2.0,1.0,2.0,2.0,delivery_status,False,"Review the suggestion against customer_text, draft_reply, and evidence_json. Human fields must be independently entered.",
20033,AmazonHelp,20034,@120404 please check this link here: (2/2) ^KA,20034,120404,@AmazonHelp how do i delete my old credit cards from the list,billing_charge,20034,information_request,0.4012300618045296,ESCALATE,low intent confidence (0.40),Thanks for flagging this. I’m routing this to a support specialist so they can review the details securely.,"[{""customer"": ""@AmazonHelp how do u do that?"", ""historical_reply"": ""@130242 To restart your device, please unplug it/plug it back in; this will reboot the system. More info: ^BE"", ""similarity"": 0.269, ""case_id"": ""62187""}, {""customer"": ""@AmazonHelp ur team have not solved my problem till now i am going to delete my Amazon account .....please let me know how to send my amazon pay balance to bank so i can delete my amazon account"", ""historical_reply"": ""@148568 I'm sorry that you're facing issue with your amazon wallet. Once the amount is loaded in amazon pay balance, it would not be possible to transfer it back to the bank account. However, you may use the same to make purchases on our website. ^HS"", ""similarity"": 0.175, ""case_id"": ""143999""}, {""customer"": ""@AmazonHelp How do I go about closing my account?"", ""historical_reply"": ""@134799 We can help with that! You can learn about closing your account and how to do so here: I hope this helps! ^JE"", ""similarity"": 0.169, ""case_id"": ""86114""}]",information_request,TRUE,1,1,1,2,2,1.0,2.0,1.0,2.0,2.0,information_request,False,"Review the suggestion against customer_text, draft_reply, and evidence_json. Human fields must be independently entered.",
133635,AmazonHelp,133637,@146126 I'm sorry for the delay Bharath. Did you inform about this to our customer service team here: ^SI,133637,146126,"Hi @115850, I have purchased iPhone during Great Indian Sale- Aug 2017 using SBI Credit card and should have received Rs1500 cash back by 12th Nov, but still I haven't received it. Please check and let me know the status. email: __email__",billing_charge,133637,billing_charge,0.2699738579003619,ESCALATE,billing_charge is high-risk; low intent confidence (0.27); weak historical match (0.18); possible multi-issue message,Thanks for flagging this. I’m routing this to a support specialist so they can review the details securely.,"[{""customer"": ""@115830 can you let me know the status of parcel #Q40724393184. Thank you x"", ""historical_reply"": ""@120542 I'm so sorry! We don't have access to order information via Twitter. What does the tracking show here? ^TK"", ""similarity"": 0.182, ""case_id"": ""20764""}, {""customer"": ""@AmazonHelp Done, please check and respond"", ""historical_reply"": ""@137606 Thank you for sharing your details. Once we receive them we'll get in touch with you. ^RB"", ""similarity"": 0.159, ""case_id"": ""98706""}, {""customer"": ""@AmazonHelp I have contacted through email. Please check and revert."", ""historical_reply"": ""@133277 Thank you for the head's up, Akshay. We'll check and get back to you with an update soon. ^SY"", ""similarity"": 0.155, ""case_id"": ""77547""}]",billing_charge,FALSE,1,1,1,2,2,2.0,2.0,2.0,2.0,2.0,billing_charge,False,"Review the suggestion against customer_text, draft_reply, and evidence_json. Human fields must be independently entered.",
76106,AmazonHelp,76103,"@133028 I'm sorry about that, Suzan! You have 14 days to cancel, unless they started watching it or downloaded it. More information can be found here: Thank you! ^WB",76103,133028,"@AmazonHelp It just shows ‘Your video library’, ‘Write a product review’ and ‘Hide Order’. No ‘Cancel item’",cancellation,76105,cancellation,0.5653654037731412,ESCALATE,low intent confidence (0.57); weak historical match (0.19); possible multi-issue message,Thanks for flagging this. I’m routing this to a support specialist so they can review the details securely.,"[{""customer"": ""@AmazonHelp It just been delivered now!"", ""historical_reply"": ""@121666 Hurrayy! ^AS"", ""similarity"": 0.187, ""case_id"": ""25970""}, {""customer"": ""For the first time ever poor customer service by @115830 @AmazonHelp. Tried to leave a review and couldn\u2019t and now can\u2019t speak to someone"", ""historical_reply"": ""@115859 I am sorry to hear this. Can I ask for you to follow the instructions through the link below and please keep us posted:"", ""similarity"": 0.131, ""case_id"": ""142819""}, {""customer"": ""@AmazonHelp @AmazonHelp no it just says it will be delivered today"", ""historical_reply"": ""@129582 If your order hasn't arrived by tomorrow at 21:00, please contact us here for available options: ^LR"", ""similarity"": 0.128, ""case_id"": ""59540""}]",cancellation,FALSE,1,1,1,2,2,2.0,2.0,2.0,2.0,2.0,cancellation,False,"Review the suggestion against customer_text, draft_reply, and evidence_json. Human fields must be independently entered.",
86212,AmazonHelp,86214,@134819 Hi Charles! You can contact audible here:,86214,134819,@115821 help inadvertently ordered audible on book by Louisa Locke . Please advise how to cancel.,cancellation,86214,cancellation,0.6205933503749878,ESCALATE,low intent confidence (0.62),Thanks for flagging this. I’m routing this to a support specialist so they can review the details securely.,"[{""customer"": ""@115821 help order number I wish to cancel ORDER # D01-3970700-6742663. Inadvertently ordered. Thanx"", ""historical_reply"": ""@134819 We're happy to help! However, we aren't able to access your account via Twitter. Can you please contact us here: ^GS"", ""similarity"": 0.343, ""case_id"": ""86211""}, {""customer"": ""@AmazonHelp I am not able to find the required information. Please advise."", ""historical_reply"": ""@145902 Please select the option of 'more non-order questions' and drop us an email so we can forward your query to our relevant team. ^SH"", ""similarity"": 0.204, ""case_id"": ""132538""}, {""customer"": ""@AmazonHelp I ordered 4 items last week, and Amazon says they all delivered yesterday, but only 3 items came - the PS4 game didn't. Please advise"", ""historical_reply"": ""@132156 Hi Scarlett, really sorry to hear this! Please check out our help page for when parcels have been marked as delivered, but not received, this will give you all the info you need for the next steps to take: ^JC"", ""similarity"": 0.143, ""case_id"": ""72009""}]",cancellation,FALSE,1,1,1,2,2,2.0,2.0,2.0,2.0,2.0,cancellation,False,"Review the suggestion against customer_text, draft_reply, and evidence_json. Human fields must be independently entered.",
132403,AmazonHelp,132401,"@145872 Hi Ryan, if you find a seller that can get it to you sooner than yes, I'd suggest canceling the current order. If you go through the checkout now without buying it, are you getting your estimated delivery date?^MA",132401,145872,@AmazonHelp Should I cancel the order?,cancellation,132412,cancellation,0.9579723769149048,AUTO_HANDLE,High-confidence intent with a sufficiently similar historical resolution.,"Thanks for reaching out. Based on similar cases, @118086 Please get in touch with us here: and we'd be happy to review available shipping refund options. ^EZ","[{""customer"": ""@AmazonHelp Should have been today before 8"", ""historical_reply"": ""@118086 Please get in touch with us here: and we'd be happy to review available shipping refund options. ^EZ"", ""similarity"": 0.303, ""case_id"": ""11059""}, {""customer"": ""@AmazonHelp Still have heard nothing from you. Cancel the order. What a fucking joke."", ""historical_reply"": ""@137139 I'm sorry Jordan, we're still investigating your issue and will get back to you as soon as possible.^PJ"", ""similarity"": 0.229, ""case_id"": ""96846""}, {""customer"": ""@AmazonHelp It was next day Delivery FYI!!! PLEASE DELIVER TODAY OR CANCEL THE ORDER ORDER WILL BE REFUCED AT THE TIME OF DELIVERY."", ""historical_reply"": ""@137095 My apologies about the delay, Abhishek. Allow our support team to look into this. You can connect with us here: and we'll have this checked for you right way. ^NK"", ""similarity"": 0.196, ""case_id"": ""96659""}]",cancellation,FALSE,0,0,0,2,2,0.0,0.0,0.0,1.0,1.0,cancellation,True,"Review the suggestion against customer_text, draft_reply, and evidence_json. Human fields must be independently entered.",
128795,AmazonHelp,128797,"@144973 Did you report this to our customer service team? Please don't provide your order details, as we consider it to be personal information. Our Twitter page is public.​ ^SI",128797,144973,@115821 why my order cancelled Order # 407-1233925-0386734,cancellation,128797,cancellation,0.8539500521040286,AUTO_HANDLE,High-confidence intent with a sufficiently similar historical resolution.,"Thanks for reaching out. Based on similar cases, @140402 Please don't provide your order details, we consider it to be personal information. Our page is visible to the public. 2/2 ^HS","[{""customer"": ""@AmazonHelp y u guys cancelled my order 407-0880525-1284313 without any intimation."", ""historical_reply"": ""@140402 Please don't provide your order details, we consider it to be personal information. Our page is visible to the public. 2/2 ^HS"", ""similarity"": 0.26, ""case_id"": ""109935""}, {""customer"": ""@115850 why my order is delayed? When it is going to be delivered?"", ""historical_reply"": ""@145251 Apologies for the delayed delivery of your order. Did you report this to our support team? If not please report it here: We'd be glad to assist you. ^JS"", ""similarity"": 0.198, ""case_id"": ""129740""}, {""customer"": ""Dear @115850 my order #407-7208892-2195534 is suppose to deliver by 31 Oct 2017... Still not received..."", ""historical_reply"": ""@120226 I\u2019m sorry about the issue you\u2019re facing with delivery. Let us look into it. (1/3)^HR"", ""similarity"": 0.172, ""case_id"": ""18904""}]",cancellation,FALSE,2,2,1,2,2,1.0,1.0,1.0,1.0,1.0,cancellation,True,"Review the suggestion against customer_text, draft_reply, and evidence_json. Human fields must be independently entered.",
54363,AmazonHelp,54364,"@128304 I'm terribly sorry your package was delayed! We'd like to look into this for you! When your packages are delayed, do you see a trend in the carrier? ^AR",54364,128304,Right just cancel the order @AmazonHelp December the 5th was not the agreed date it was today! @118373 @128305 3rd time this month it's joke!,cancellation,54364,cancellation,0.5237396340440005,ESCALATE,low intent confidence (0.52); weak historical match (0.18),Thanks for flagging this. I’m routing this to a support specialist so they can review the details securely.,"[{""customer"": ""@AmazonHelp It was a joke \ud83d\ude14\ud83d\ude14"", ""historical_reply"": ""@135794 What options did they give you when you contacted them? ^DJ"", ""similarity"": 0.176, ""case_id"": ""91272""}, {""customer"": ""@AmazonHelp The estimated date was today but now it says. \u2018 Delivery date pending\u2019"", ""historical_reply"": ""@147108 Sorry to hear that, have you received any emails in relation to the order? ^JJ"", ""similarity"": 0.155, ""case_id"": ""138093""}, {""customer"": ""@AmazonHelp It was next day Delivery FYI!!! PLEASE DELIVER TODAY OR CANCEL THE ORDER ORDER WILL BE REFUCED AT THE TIME OF DELIVERY."", ""historical_reply"": ""@137095 My apologies about the delay, Abhishek. Allow our support team to look into this. You can connect with us here: and we'll have this checked for you right way. ^NK"", ""similarity"": 0.148, ""case_id"": ""96659""}]",cancellation,FALSE,1,1,1,2,2,2.0,2.0,2.0,2.0,2.0,cancellation,False,"Review the suggestion against customer_text, draft_reply, and evidence_json. Human fields must be independently entered.",
121110,AmazonHelp,121111,"@142956 Oh no, Rachel! We'd like to look into this for you. Please reach out to us via phone or chat here: ^BE",121111,142956,Ordered something on Amazon. It said it had been dispatched. Then that it was expected to be delivered today. It hasn't been delivered &amp; now the order has been cancelled &amp; the item is unavailable. How about not marking something as dispatched if it's not been eh?,cancellation,121111,delivery_status,0.6613687924688425,ESCALATE,low intent confidence (0.66); possible multi-issue message,Thanks for flagging this. I’m routing this to a support specialist so they can review the details securely.,"[{""customer"": ""@AmazonHelp It says it has been dispatched."", ""historical_reply"": ""@139998 Ok, Keep an eye on the emails and keep us in the loop ^DJ"", ""similarity"": 0.222, ""case_id"": ""108089""}, {""customer"": ""@AmazonHelp It's been delivered today. Thank u."", ""historical_reply"": ""@131793 We're glad to know the order was delivered. Do keep us posted for further concerns. ^BV"", ""similarity"": 0.183, ""case_id"": ""69711""}, {""customer"": ""@AmazonHelp It said it would be delivered by 8pm today on the app"", ""historical_reply"": ""@131075 Thanks for the information! Please reach out to us via phone or chat here: ^AJ"", ""similarity"": 0.169, ""case_id"": ""65905""}]",cancellation,FALSE,1,1,1,2,2,2.0,2.0,2.0,2.0,2.0,delivery_status,False,"Review the suggestion against customer_text, draft_reply, and evidence_json. Human fields must be independently entered.",
115961,AmazonHelp,115962,"@141816 Neste caso, sugiro para você entrar em contato com o nosso SAC, acessando o seguinte link: ^NB",115962,141816,"@AmazonHelp tento cancelar, mas não é possível. tento mudar o endereço de entrega, mas a opção nem mesmo aparece",cancellation,115966,other,0.3953170455368904,ESCALATE,low intent confidence (0.40); weak historical match (0.14),Thanks for flagging this. I’m routing this to a support specialist so they can review the details securely.,"[{""customer"": ""@AmazonHelp N\u00e3o, quando eu tento devolver um livro eu recebo a mensagem \""livro devolvido\"", mas assim que recarrego a p\u00e1gina, o livro ainda est\u00e1 alugado"", ""historical_reply"": ""@129574 Sinto muito em saber do problema. Por favor entre em contato com o nosso SAC pelo seguinte link: ^JJ"", ""similarity"": 0.137, ""case_id"": ""59512""}, {""customer"": ""@AmazonHelp Ainda n\u00e3o!!! Mas vou pesquisar!"", ""historical_reply"": ""@143929 N\u00f3s temos at\u00e9 eBook de gra\u00e7a! \u2728 Pode conferir aqui: ^CR"", ""similarity"": 0.123, ""case_id"": ""124690""}, {""customer"": ""@AmazonHelp os livros sa\u00edram p entrega hj 10hrs mas n chegou. e nem \u00e9 longe da transportadora p c\u00e1"", ""historical_reply"": ""@133012 Jessica, qual a data de entrega indicada no e-mail de confirma\u00e7\u00e3o do pedido? ^CR"", ""similarity"": 0.122, ""case_id"": ""76015""}]",cancellation,FALSE,1,1,1,2,2,1.0,2.0,1.0,2.0,1.0,other,False,"Review the suggestion against customer_text, draft_reply, and evidence_json. Human fields must be independently entered.",
65677,AmazonHelp,65678,"@131033 I am sorry to hear this. Can I ask, what was the estimated delivery date given to you on the confirmation email we sent you when this order was placed please?",65678,131033,@AmazonHelp yes i phoned and was told its because of black friday but this has been going on for ages. i have not had a item i have bought delivered next day for ages.then the guy said would you like me to cancel all your orders.i am fuming why would i not want them,cancellation,65680,cancellation,0.4077411754826707,ESCALATE,low intent confidence (0.41); weak historical match (0.14); possible multi-issue message,Thanks for flagging this. I’m routing this to a support specialist so they can review the details securely.,"[{""customer"": ""@AmazonHelp I have not"", ""historical_reply"": ""@138648 Without sharing personal account details, can you tell us a bit more about what happened? ^VS"", ""similarity"": 0.138, ""case_id"": ""105185""}, {""customer"": ""@AmazonHelp Yes."", ""historical_reply"": ""@116932 Can you tell us when this information was submitted? Account Specialists can take up to 2 business days to investigate an account when the information has been sent. ^EZ"", ""similarity"": 0.129, ""case_id"": ""5310""}, {""customer"": ""@AmazonHelp Yes"", ""historical_reply"": ""@124407 We'd like to look into this with you. When you have a moment, please contact us by phone or chat here: ^AC"", ""similarity"": 0.129, ""case_id"": ""38570""}]",delivery_status,FALSE,1,1,1,2,2,2.0,2.0,2.0,2.0,2.0,cancellation,False,"Review the suggestion against customer_text, draft_reply, and evidence_json. Human fields must be independently entered.",
145766,AmazonHelp,145769,"@149064 Hello there! You can definitely cancel your Prime trial at any time, but you will not be able to use the free benefits later. If you don't cancel, you will automatically continue to a paid membership after the trial: I hope this helps! ^SD",145769,149064,@AmazonHelp: Hi. Is there any way to Cancel amazon Prime Trial so I can use it at another time?,cancellation,145769,cancellation,0.6119465949731404,ESCALATE,low intent confidence (0.61),Thanks for flagging this. I’m routing this to a support specialist so they can review the details securely.,"[{""customer"": ""@116618 Hi, is there a reason why this line exists? Its on your new app for the Roku. Is there any way to fix it?"", ""historical_reply"": ""@131676 Thanks for making us aware! We are unable to see the line you are referring to in this image. Does the line appear when you are viewing specific content through Amazon Video? ^SH"", ""similarity"": 0.257, ""case_id"": ""69267""}, {""customer"": ""@AmazonHelp Thanks! I need to use the item tomorrow so I can't really return the rest of it. Is there any way to get a partial refund?"", ""historical_reply"": ""@126079 We'd like to take a look into some available options with you. Please reach out to us here: ^TH"", ""similarity"": 0.257, ""case_id"": ""45533""}, {""customer"": ""I forgot to cancel my amazon prime trial... there goes $100."", ""historical_reply"": ""@143931 If you haven't used any of the benefits, you're eligible for a refund. More information is available here: ^SJ"", ""similarity"": 0.253, ""case_id"": ""124702""}]",cancellation,FALSE,1,1,1,2,2,2.0,2.0,2.0,2.0,2.0,cancellation,False,"Review the suggestion against customer_text, draft_reply, and evidence_json. Human fields must be independently entered.",
56849,AmazonHelp,56851,@128879 Hi! We'll be best-equipped to provide insight about this if you reach out to us here: ^WT,56851,128879,@120474 Morrissey presale allowing buying 2 tickets for 2 venues(altho email said 1 venue only).Will 2nd order be ok or cancelled?,cancellation,56851,cancellation,0.3573957641973743,ESCALATE,low intent confidence (0.36),Thanks for flagging this. I’m routing this to a support specialist so they can review the details securely.,"[{""customer"": ""@AmazonHelp are brighton tickets available today for the morrissey presale? they aren\u2019t on the website and i got worried"", ""historical_reply"": ""@120463 Pls reach out here so we can check this for you ^KM"", ""similarity"": 0.22, ""case_id"": ""20423""}, {""customer"": ""Help @120474 I registered for the morrissey presale but on event page it says I'm not. Concerned for 10am!"", ""historical_reply"": ""@121644 Hi, did you receive a confirmation message when you registered? Did you access using the same log in details? ^TS"", ""similarity"": 0.214, ""case_id"": ""25839""}, {""customer"": ""@120474 Trying to buy Morrissey tickets for Brighton &amp; being told I've exceeded number of tickets! I haven't!"", ""historical_reply"": ""@122007 Hi Daniel. Please use this link to contact us: and we'll look into this for you. ^RL"", ""similarity"": 0.205, ""case_id"": ""27404""}]",cancellation,FALSE,1,1,1,2,2,2.0,2.0,2.0,2.0,2.0,cancellation,False,"Review the suggestion against customer_text, draft_reply, and evidence_json. Human fields must be independently entered.",
1734,AmazonHelp,1736,@116091 Oh no! I'm so sorry to hear this. Was the item sold by Amazon directly or Third-party seller: ^LH,1736,116091,Two fake items in one day. Time to cancel my Amazon Prime membership. @AmazonHelp,cancellation,1736,cancellation,0.9098328466834996,AUTO_HANDLE,High-confidence intent with a sufficiently similar historical resolution.,"Thanks for reaching out. Based on similar cases, @143931 If you haven't used any of the benefits, you're eligible for a refund. More information is available here: ^SJ","[{""customer"": ""I forgot to cancel my amazon prime trial... there goes $100."", ""historical_reply"": ""@143931 If you haven't used any of the benefits, you're eligible for a refund. More information is available here: ^SJ"", ""similarity"": 0.278, ""case_id"": ""124702""}, {""customer"": ""@AmazonHelp how do I cancel my amazon prime account? I don\u2019t use it anymore as no longer need it."", ""historical_reply"": ""@123959 You can find information here on how to get this cancelled: If you have questions, let us know! ^KN"", ""similarity"": 0.181, ""case_id"": ""36488""}, {""customer"": ""@115821 I have the app but don\u2019t have amazon prime membership????"", ""historical_reply"": ""@141267 Have you recently signed up for a free trial of Amazon Prime? We'll authorise the card for $1 to make sure it is valid. Authorisations typically drop within 3-5 days, depending on the policies of your bank. For more info: ^MB"", ""similarity"": 0.174, ""case_id"": ""113755""}]",cancellation,FALSE,1,2,1,2,2,0.0,0.0,0.0,1.0,1.0,cancellation,True,"Review the suggestion against customer_text, draft_reply, and evidence_json. Human fields must be independently entered.",
26912,AmazonHelp,26914,"@121893 Hi, what info did we give about the dispatch issue? Were any options provided? ^TS",26914,121893,@AmazonHelp Just now! I gave you the benefit of the doubt but I have now cancelled the order.,cancellation,26920,cancellation,0.5103123119451254,ESCALATE,low intent confidence (0.51),Thanks for flagging this. I’m routing this to a support specialist so they can review the details securely.,"[{""customer"": ""@AmazonHelp I have the parcel now but my point is that I\u2019m paying a monthly fee for a service that I\u2019m not getting the benefit of"", ""historical_reply"": ""@120620 Sorry, did you report the delay to us: Here's a list of all Prime benefits:"", ""similarity"": 0.235, ""case_id"": ""21099""}, {""customer"": ""@115821 dint get the benefit of cash back offer on 19th nov 2017 purchase of \u20b92054, which paid by amezon pay!Order # 402-4299710-3785923"", ""historical_reply"": ""@137866 Could you please help us with the name of the cashback? We'll assist you accordingly. Also, please don't provide your order details, we consider it to be personal information. Our page is visible to the public. ^VH"", ""similarity"": 0.162, ""case_id"": ""99859""}, {""customer"": ""@AmazonHelp Thank you! The UK app"", ""historical_reply"": ""@138681 We can't access your account directly via Twitter, but we want to look into our options together. Please reach out to us by phone or chat so we can investigate this further with you: ^GR"", ""similarity"": 0.143, ""case_id"": ""103117""}]",cancellation,TRUE,1,1,1,2,2,2.0,2.0,2.0,2.0,2.0,cancellation,False,"Review the suggestion against customer_text, draft_reply, and evidence_json. Human fields must be independently entered.",
81754,AmazonHelp,81752,@134110 Apologies for the delay with the delivery of your order. We'd like to help. Kindly share your details here: and we'll have this resolved at the earliest. ^KH,81752,134110,@AmazonHelp I had a chat with them. I want it delivered by today or please cancel it.,cancellation,81753,delivery_status,0.2548906628713981,ESCALATE,low intent confidence (0.25); weak historical match (0.19),Thanks for flagging this. I’m routing this to a support specialist so they can review the details securely.,"[{""customer"": ""@AmazonHelp It was delivered by Amazon Shipping."", ""historical_reply"": ""@139816 I'm very sorry to hear this! This is not what we expect from our drivers. I would like a Social Media specialist to look into this further. Please provide the information that is requested here: so we can get this escalated. ^ZW"", ""similarity"": 0.188, ""case_id"": ""107235""}, {""customer"": ""@AmazonHelp Guaranteed by today and it\u2019s not here"", ""historical_reply"": ""@140865 That's odd! What does the tracking status of the package say here: ^HM"", ""similarity"": 0.166, ""case_id"": ""111964""}, {""customer"": ""@AmazonHelp It said it would be delivered by 8pm today on the app"", ""historical_reply"": ""@131075 Thanks for the information! Please reach out to us via phone or chat here: ^AJ"", ""similarity"": 0.154, ""case_id"": ""65905""}]",cancellation,FALSE,1,1,1,2,2,2.0,2.0,2.0,2.0,2.0,delivery_status,False,"Review the suggestion against customer_text, draft_reply, and evidence_json. Human fields must be independently entered.",
81756,AmazonHelp,81755,"@134110 Thanks for writing back with the confirmation. Once the details are shared, our team would certainly take the necessary actions at the earliest. Appreciate your understanding. ^PR",81755,134110,@AmazonHelp Have shared the details. Please get it delivered by today or feel free to cancel the order.,cancellation,81753,cancellation,0.6765900850401168,ESCALATE,low intent confidence (0.68),Thanks for flagging this. I’m routing this to a support specialist so they can review the details securely.,"[{""customer"": ""@AmazonHelp Shared the details. Please look into it ASAP."", ""historical_reply"": ""@148036 Thank you for sharing the details. We'll check with it and get back to you at the earliest. Appreciate your patience. ^KH"", ""similarity"": 0.3, ""case_id"": ""141931""}, {""customer"": ""@AmazonHelp I have shared the details I need immediate solution for this I have to give order today"", ""historical_reply"": ""@119796 Thanks. We'll check and revert at the earliest. ^HK"", ""similarity"": 0.267, ""case_id"": ""17242""}, {""customer"": ""@AmazonHelp Have shared the details thru the link given. now call asap @115851"", ""historical_reply"": ""@131032 Thank you confirming on filling in your details, Somnath. Please be assured our team will get in touch with you at the earliest. ^PB"", ""similarity"": 0.245, ""case_id"": ""65667""}]",cancellation,FALSE,1,1,1,2,2,2.0,2.0,2.0,2.0,2.0,cancellation,False,"Review the suggestion against customer_text, draft_reply, and evidence_json. Human fields must be independently entered.",
28417,AmazonHelp,28423,@122219 I'd like a member of our team to look into this for you. Please provide your details here: ^RA,28423,122219,@AmazonHelp @115821 it's the South Park game on PS4 coming out next week. I actually am not sure I want it but I can't see its price or cancel it,cancellation,28431,cancellation,0.2544218335848343,ESCALATE,low intent confidence (0.25); weak historical match (0.15),Thanks for flagging this. I’m routing this to a support specialist so they can review the details securely.,"[{""customer"": ""@AmazonHelp Not that I can see"", ""historical_reply"": ""@120848 Thank you for the information. We'd like to look into this. Please contact us via phone/chat: ^AL"", ""similarity"": 0.15, ""case_id"": ""22196""}, {""customer"": ""@115821 what's this about a 49 inch 4k tv for $159 today? I want it but can't find it on your site! Help?"", ""historical_reply"": ""@149066 Hi Casey! All deals are advertised on the website, if the deal has expired/sold out, you won't be able to find it. Apologies if this has caused any inconvenience. ^JC"", ""similarity"": 0.144, ""case_id"": ""145777""}, {""customer"": ""@AmazonHelp what happens if you buy a digital copy of a game on amazon?"", ""historical_reply"": ""@126710 Great question! Your game can only be installed on a compatible computer. For more info visit here: ^AC"", ""similarity"": 0.122, ""case_id"": ""47893""}]",cancellation,FALSE,,,,,,,,,,,cancellation,False,"Review the suggestion against customer_text, draft_reply, and evidence_json. Human fields must be independently entered.",
65848,AmazonHelp,65846,@131060 Was the order confirmed as dispatched before you canceled the order? Which site did you place your order or? ^NV,65846,131060,"@AmazonHelp Nope, I made the order then found out the address was wrong so I cancelled it in less than 5 minuets! I received a bank notification the money was deducted! Still haven’t got back!",cancellation,65847,cancellation,0.3211476697434631,ESCALATE,low intent confidence (0.32); weak historical match (0.17),Thanks for flagging this. I’m routing this to a support specialist so they can review the details securely.,"[{""customer"": ""@AmazonHelp Still haven't got any refund how long?"", ""historical_reply"": ""@146916 We've sent you a correspondence to your registered email ID here: Kindly check. ^PS"", ""similarity"": 0.17, ""case_id"": ""140903""}, {""customer"": ""@AmazonHelp Nope didn't happen"", ""historical_reply"": ""@144791 I'm sorry you've not received the offers listed on the product details page. We'd like to look into it. Please reach out to our support team here: we'll help you out. ^AP"", ""similarity"": 0.142, ""case_id"": ""128159""}, {""customer"": ""@AmazonHelp Haven't got one yet!!"", ""historical_reply"": ""@130473 details in the link provided earlier and we'll look into it. (2/2)^SQ"", ""similarity"": 0.133, ""case_id"": ""63134""}]",refund_request,FALSE,,,,,,,,,,,cancellation,False,"Review the suggestion against customer_text, draft_reply, and evidence_json. Human fields must be independently entered.",
58779,AmazonHelp,58781,@129380 I'm sorry for the poor experience. Let's see if we can get it working again using these tips: ^FD,58781,129380,"Why spend money to replace it when I didn't have any luck with my first purchase? You can keep your 10% off @115821, I'm cancelling Prime.",cancellation,58781,information_request,0.221237167028359,ESCALATE,low intent confidence (0.22),Thanks for flagging this. I’m routing this to a support specialist so they can review the details securely.,"[{""customer"": ""@AmazonHelp This is what it saying. I just want to replace it."", ""historical_reply"": ""@132428 As per the screenshot, the item in picture isn't eligible for return. You can refer to our return policies here : Appreciate your understanding here. ^CB"", ""similarity"": 0.203, ""case_id"": ""73457""}, {""customer"": ""@115821 please spend time &amp; money to fix your app. Constant issues with it."", ""historical_reply"": ""@116092 Oh no, Barton! Have you tried uninstalling and re-installing the app? Perhaps a power cycle too? Please let us know. ^KL"", ""similarity"": 0.143, ""case_id"": ""1741""}, {""customer"": ""@AmazonHelp don't promise a 1 day shipping with a GUARANTEED 8pm delivery when you can't keep it"", ""historical_reply"": ""@118233 I'm so sorry for the wait! What does tracking information say here: ^MH"", ""similarity"": 0.141, ""case_id"": ""11597""}]",cancellation,FALSE,,,,,,,,,,,information_request,False,"Review the suggestion against customer_text, draft_reply, and evidence_json. Human fields must be independently entered.",
16755,AmazonHelp,16758,"@119697 This isn't how we want you to feel. We'd like to help, if possible. Please let us know more about what's going. ^BH",16758,119697,@AmazonHelp fuck you guys. Canceling Prime. Not gonna do business with you guys ever again.,cancellation,16758,information_request,0.2270801133315961,ESCALATE,low intent confidence (0.23),Thanks for flagging this. I’m routing this to a support specialist so they can review the details securely.,"[{""customer"": ""@AmazonHelp And I'm on the phone with you guys right now. :)"", ""historical_reply"": ""@135279 Thanks for letting us know. Please keep us updated with the outcome. ^LI"", ""similarity"": 0.222, ""case_id"": ""89108""}, {""customer"": ""@AmazonHelp So you want me to contact the same@customer@service that has got me wanting to never do business with you again. How do you think that\u2019s going to go?"", ""historical_reply"": ""@130702 Hi, we would not have access to your account/order details via Twitter. We would have to ask that you use the link provided so we may attempt to get this looked after as soon as possible. Once again, apologies for the inconvenience caused. ^CR"", ""similarity"": 0.217, ""case_id"": ""64030""}, {""customer"": ""@AmazonHelp Did you guys do anything?"", ""historical_reply"": ""@119903 (2/2) For account security reasons, we recommend that you delete any account sensitive information from Twitter. Thank you. ^SE"", ""similarity"": 0.213, ""case_id"": ""17644""}]",cancellation,FALSE,,,,,,,,,,,information_request,False,"Review the suggestion against customer_text, draft_reply, and evidence_json. Human fields must be independently entered.",
9793,AmazonHelp,9794,@117794 I'm sorry for the bad experience! What options did we offer on the phone? ^TN,9794,117794,I was incredibly disappointed with my customer service call w @117795 after my order was 2x delayed and lost.,complaint,9794,complaint,0.3314185537099849,ESCALATE,low intent confidence (0.33); weak historical match (0.15); possible multi-issue message,Thanks for flagging this. I’m routing this to a support specialist so they can review the details securely.,"[{""customer"": ""Very disappointed with @115821 customer service. Terrible experience. The call just got worse and worse. #AmazonPrime @AmazonHelp"", ""historical_reply"": ""@132127 I apologise for the bad experience.We would love to help you out with this, but can you just give us a bit more info first. Thank you.^SM"", ""similarity"": 0.152, ""case_id"": ""71885""}, {""customer"": ""@115850 @AmazonHelp Very disappointed with delivery service. I won't any order from #Amazon in future."", ""historical_reply"": ""@124276 Did you happen to discuss the delivery issue with our support team? Do keep us posted. ^CB"", ""similarity"": 0.133, ""case_id"": ""38104""}, {""customer"": ""@AmazonHelp Struggling to see the point of having Amazon Prime if my item hasn't been dispatched 48 hours after my order was placed. I would love to have my new TV for Blue Planet on Sunday please"", ""historical_reply"": ""@147586 Hello Evan! We always aim to deliver orders by the date stated in the order confirmation email. May I ask what the estimated delivery date is?^CN"", ""similarity"": 0.129, ""case_id"": ""140013""}]",complaint,FALSE,,,,,,,,,,,complaint,False,"Review the suggestion against customer_text, draft_reply, and evidence_json. Human fields must be independently entered.",
89216,AmazonHelp,89218,"@135294 This is definitely something we do not like to hear! Without providing any personal or account information, can you let us know what's going on? We'd love to help! ^JY",89218,135294,Oh @AmazonHelp your support has failed me this morning and I'm terribly disappointed. Normally I rave about Amazon customer service but not today.,complaint,89218,complaint,0.3155897287956706,ESCALATE,low intent confidence (0.32); weak historical match (0.17); possible multi-issue message,Thanks for flagging this. I’m routing this to a support specialist so they can review the details securely.,"[{""customer"": ""@AmazonHelp Your customer service and still no delivery"", ""historical_reply"": ""@142147 I'd like to have a member of our team look into this for you. Please provide details here: ^JF"", ""similarity"": 0.173, ""case_id"": ""117904""}, {""customer"": ""@115821 ordered a gift last Friday for a baby shower this weekend but it never arrived \ud83d\udea8\ud83c\udd98 Prime has failed me."", ""historical_reply"": ""@143747 Oh no! I'm so sorry your order never arrived! What was the delivery date provided at checkout? ^JO"", ""similarity"": 0.166, ""case_id"": ""124067""}, {""customer"": ""@AmazonHelp No, but I spoke with someone this morning and found out that some sellers do not accept gift cards."", ""historical_reply"": ""@144960 No matter the seller, payment is accepted the same at checkout. We handle all payment transactions so the seller will never know what is or is not used. Now, of course, the order has to be eligible for use of a GC. Is this the issue you're having? ^TM"", ""similarity"": 0.129, ""case_id"": ""128710""}]",complaint,TRUE,,,,,,,,,,,complaint,False,"Review the suggestion against customer_text, draft_reply, and evidence_json. Human fields must be independently entered.",
52245,AmazonHelp,52246,"@121898 As informed earlier, request you to please get back to us with a service denial letter and we'll definitely look into this. ^MK",52246,121898,@127748 @115850 @AmazonHelp @115821 @121899 Never purchase TCL led . Worst services after sales. Amazon didn't help me even.,complaint,52246,complaint,0.6867217919931464,ESCALATE,low intent confidence (0.69),Thanks for flagging this. I’m routing this to a support specialist so they can review the details securely.,"[{""customer"": ""@115850 @AmazonHelp @115821 @121899 Never purchase TCL led . Worst services after sales. Amazon didn't help me even."", ""historical_reply"": ""@121898 Please let us know what went wrong so that we can assist you accordingly. ^SH"", ""similarity"": 1.0, ""case_id"": ""26946""}, {""customer"": ""@AmazonHelp Before 2 month I have purchased 32 inches TCL led tv And now there is a problem in that tv And TCL is not helping me"", ""historical_reply"": ""@121898 please get back to us with a service denial letter and we'll look into this for you. 4/4 ^AR"", ""similarity"": 0.138, ""case_id"": ""26945""}, {""customer"": ""@AmazonHelp HELP ME"", ""historical_reply"": ""@148042 Did you receive any emails about your account been locked out? ^KM"", ""similarity"": 0.127, ""case_id"": ""141987""}]",product_issue,FALSE,,,,,,,,,,,complaint,False,"Review the suggestion against customer_text, draft_reply, and evidence_json. Human fields must be independently entered.",
18675,AmazonHelp,18677,"@120166 Sorry about that! Can you reach us here again, please: ^CD",18677,120166,@AmazonHelp logistics dpt created ticket 24 hrs ago with no response as promised😢. Feeling so disappointed word was not kept ! #feeling unimportant,complaint,18679,complaint,0.412995057771987,ESCALATE,low intent confidence (0.41); weak historical match (0.15),Thanks for flagging this. I’m routing this to a support specialist so they can review the details securely.,"[{""customer"": ""Guys can i get a response. @115850 @AmazonHelp it more than 24 hrs. yet waiting for your mail."", ""historical_reply"": ""@147824 Could you please confirm if you have shared the details through the secured link provided earlier. Twitter being a social platform we will not be able to access your account details from here. ^VH"", ""similarity"": 0.147, ""case_id"": ""141116""}, {""customer"": ""@AmazonHelp 24 hrs tat was given on written mail on 29th Oct to receive a call but no response since last 60 hrs.Hence we say quality of Amazon has gone"", ""historical_reply"": ""@118505 If you had replied to the email, you must've received a correspondence from us, Darshan. Please check. ^HD"", ""similarity"": 0.146, ""case_id"": ""12515""}, {""customer"": ""@AmazonHelp It\u2019s been 12 hrs still no response from your side"", ""historical_reply"": ""@127178 Do keep us posted for any further assistance. (3/3) ^SV"", ""similarity"": 0.141, ""case_id"": ""49947""}]",complaint,FALSE,,,,,,,,,,,complaint,False,"Review the suggestion against customer_text, draft_reply, and evidence_json. Human fields must be independently entered.",
96746,AmazonHelp,96747,"@137114 I'm truly sorry to hear of this, Cherrell. This isn't the experience we strive to provide! Without including personal or account details, could you please tell us a bit more about the situation? We'd like to help if we can! ^JE",96747,137114,S/o to @115821 and their TERRIBLE customer service for making my WEDDING a bit more stressful. There is NO point of being a prime member,complaint,96747,complaint,0.3127862682768356,ESCALATE,low intent confidence (0.31); weak historical match (0.18); possible multi-issue message,Thanks for flagging this. I’m routing this to a support specialist so they can review the details securely.,"[{""customer"": ""what is the point of being a Prime member if products not getting delivered to you because your delivery boy refuses to come up to 3rd floor @115850 @118702 #AmazonPrime #ridiculous #khayalipulao"", ""historical_reply"": ""@145693 That's Strange! Sorry about the unpleasant experience with the delivery. Please report it to our support team here: and we'll get this fixed. ^SC"", ""similarity"": 0.179, ""case_id"": ""131664""}, {""customer"": ""@115850 The worst service I've ever faced by an E commerce website. Please i recommend don't trust these people. Being a prime member i should get my oder in a day but it already has been 2 day &amp; still yesterday delivery was cancelled &amp; postponed to monday.No point being prime"", ""historical_reply"": ""@144982 I get your disappointment. Sorry for the delay in the delivering the product. Please report it to our support team here: and we'll glad to help you. ^SC"", ""similarity"": 0.16, ""case_id"": ""128843""}, {""customer"": ""@AmazonHelp This is so frustrating. What is the point of being a Prime member? I don't even need the money back, just give me Amazon Pay credit. Amazon makes mistakes, you pay money and get away with it. Consumers make mistakes, we need to suffer and live with it?"", ""historical_reply"": ""@144468 Apologies for the inconvenience due to policy and the suggested system of working. Appreciate your understanding. ^SF"", ""similarity"": 0.149, ""case_id"": ""126822""}]",complaint,TRUE,,,,,,,,,,,complaint,False,"Review the suggestion against customer_text, draft_reply, and evidence_json. Human fields must be independently entered.",
29501,AmazonHelp,29498,@122485 Feedback for your complaint can be directed to our leadership via the email survey form you received after the contact. ^EM,29498,122485,@AmazonHelp I was told I would get a call back from Angelica who was dealing with my complaint on 28th October,complaint,29510,complaint,0.2314354587190835,ESCALATE,low intent confidence (0.23); weak historical match (0.17),Thanks for flagging this. I’m routing this to a support specialist so they can review the details securely.,"[{""customer"": ""@AmazonHelp Still no call back..."", ""historical_reply"": ""@130736 Hi Dan, were you not able to reach us via phone from the link provided? You can also reach us via chat to discuss the issue.^PJ"", ""similarity"": 0.174, ""case_id"": ""64192""}, {""customer"": ""@AmazonHelp was told you would call me back within four hours, been over 24 and still no call..."", ""historical_reply"": ""@135275 Oh no! I'm sorry you haven't received a callback! Have you had a chance to reach back out to us for an update? ^JO"", ""similarity"": 0.16, ""case_id"": ""89093""}, {""customer"": ""@AmazonHelp Please call back me..."", ""historical_reply"": ""@120469 on 'call me' option and a call shall be connected with our support team. 2/2 ^SH"", ""similarity"": 0.16, ""case_id"": ""20442""}]",complaint,FALSE,,,,,,,,,,,complaint,False,"Review the suggestion against customer_text, draft_reply, and evidence_json. Human fields must be independently entered.",
134879,AmazonHelp,134881,@146404 Sorry to know you've not received cashback. Please reach us from here: we'll check your details and help you with your concern.^AR,134881,146404,@115850 : Haven't received my cash back in return to my one plus 5. Don't see any option to talk to customer care. Worst experience!!,complaint,134881,complaint,0.3562259068743944,ESCALATE,low intent confidence (0.36),Thanks for flagging this. I’m routing this to a support specialist so they can review the details securely.,"[{""customer"": ""@AmazonHelp To talk to customer service which I already did."", ""historical_reply"": ""@140023 When you spoke with Customer Service, did they let you know that an Account Specialist would get back with you within 1-2 business days? ^GP"", ""similarity"": 0.243, ""case_id"": ""108231""}, {""customer"": ""@115850 what the hell how to talk to your cust. care..? @2517"", ""historical_reply"": ""@144470 &gt; provide us your number &gt; choose from 'call now' or 'call me in 5 minutes'. (2/2) ^VM"", ""similarity"": 0.175, ""case_id"": ""126830""}, {""customer"": ""@AmazonHelp I don\u2019t see it"", ""historical_reply"": ""@116058 When viewing your orders, using the link RB provided, click the option to track your package. The carrier will be listed beneath the tracking status. ^GR"", ""similarity"": 0.169, ""case_id"": ""80567""}]",billing_charge,FALSE,,,,,,,,,,,complaint,False,"Review the suggestion against customer_text, draft_reply, and evidence_json. Human fields must be independently entered.",
71926,AmazonHelp,71928,"@132138 Apologizes for any frustration caused Olive. Not all items are shipped with additional packaging, it explains this further here: ^NV",71928,132138,@AmazonHelp why do you stick the labels on the box. This is a gift and can’t get label off. Really disappointed with this shoddy service,complaint,71928,information_request,0.2646129720233406,ESCALATE,low intent confidence (0.26); weak historical match (0.18); possible multi-issue message,Thanks for flagging this. I’m routing this to a support specialist so they can review the details securely.,"[{""customer"": ""@115821 I\u2019m really disappointed with the delivery service for my orders around Oct.30 #superlate #IhavePrime #Why?"", ""historical_reply"": ""@132717 I'm sorry for the wait! Have we missed the delivery date provided in your order confirmation e-mail? ^BG"", ""similarity"": 0.183, ""case_id"": ""74658""}, {""customer"": ""@115830 @AmazonHelp Why?"", ""historical_reply"": ""@148034 I am sorry to see this, Marcie. Did the package arrive opened? was the item still ok?^SM"", ""similarity"": 0.15, ""case_id"": ""141921""}, {""customer"": ""@115821 @AmazonHelp Why do I even pay for amazon prime"", ""historical_reply"": ""@128092 I'm sorry about the delay! Please reach out to us via phone/chat here: for more assistance with this. ^TK"", ""similarity"": 0.149, ""case_id"": ""53521""}]",complaint,TRUE,,,,,,,,,,,information_request,False,"Review the suggestion against customer_text, draft_reply, and evidence_json. Human fields must be independently entered.",
22553,AmazonHelp,22554,@120927 Please fill in your details using the link: and I'll get in touch with you soon. ^AK (2/2),22554,120927,@115850 horrible experience. Pathetic cs care . Worst experience. Even a prime member,complaint,22554,complaint,0.5478124553443734,ESCALATE,low intent confidence (0.55),Thanks for flagging this. I’m routing this to a support specialist so they can review the details securely.,"[{""customer"": ""@115850 worst experience with amazon till date"", ""historical_reply"": ""@134813 I'm sorry about the unpleasant experience. Could you please let us know what went wrong so we can help you? ^GD"", ""similarity"": 0.301, ""case_id"": ""86176""}, {""customer"": ""@AmazonHelp Have concted your cc 10 times. You have my details. Filled this form also. Horrible experience @115850"", ""historical_reply"": ""@124163 I understand you had an unpleasant experience. We've received your details and we'll get back to you soon.^SF"", ""similarity"": 0.207, ""case_id"": ""37607""}, {""customer"": ""@115850 I have had horrible experience with return pick up which was to arrive on 26.10.17. Still awaited. Tracking no. 710399667431"", ""historical_reply"": ""@124472 Please don\u2019t provide your order details as it is personal information. Our page is visible to the public.2/2^HN"", ""similarity"": 0.186, ""case_id"": ""38834""}]",complaint,TRUE,,,,,,,,,,,complaint,False,"Review the suggestion against customer_text, draft_reply, and evidence_json. Human fields must be independently entered.",
23210,AmazonHelp,23209,"@121053 Hi, please reach out to us here: we can look into the order for you. ^AS",23209,121053,"@AmazonHelp It notes its being sent back to the sender - which, if true, is totally unacceptable - not exactly #prime level service",complaint,23208,other,0.1451704857080617,ESCALATE,low intent confidence (0.15); weak historical match (0.15),Thanks for flagging this. I’m routing this to a support specialist so they can review the details securely.,"[{""customer"": ""@115850 When will the packet will get collected and refund sent back to account.."", ""historical_reply"": ""@123971 Sorry the pick up hasn't been done. Please connect with us here: we'll check it for you. ^NR"", ""similarity"": 0.149, ""case_id"": ""36582""}, {""customer"": ""@AmazonHelp Thank you guys so much, the issue has been resolved. A replacement is being sent"", ""historical_reply"": ""@138631 Thanks for the update, glad we could get a replacement processed for you. I hope you enjoy the rest of your evening, take care! :D ^EZ"", ""similarity"": 0.128, ""case_id"": ""102892""}, {""customer"": ""@AmazonHelp Yes its being delivered to my work address. I just thought it would be out for delivery by now"", ""historical_reply"": ""@146432 Hi Gavin, that's great. We deliver up until 5pm to work addresses so we still have lots of time to get this to you today. ^KK"", ""similarity"": 0.121, ""case_id"": ""135085""}]",delivery_status,FALSE,,,,,,,,,,,other,False,"Review the suggestion against customer_text, draft_reply, and evidence_json. Human fields must be independently entered.",
107331,AmazonHelp,107330,@139837 So sorry for the frustrations! We are here to help! I'd like a member of my team to look into this personally for you! Please provide us your information here: and someone will be in touch soon! ^AD,107330,139837,"@AmazonHelp Now a week late. Two missing TV’s, still no replacement and you have offered us a £5 voucher and month free #prime as #compensation utterly appalling #customerservice #shopping #disappointed",complaint,107328,complaint,0.2542652420198373,ESCALATE,low intent confidence (0.25); weak historical match (0.15); possible multi-issue message,Thanks for flagging this. I’m routing this to a support specialist so they can review the details securely.,"[{""customer"": ""@AmazonHelp still no action. Disappointed"", ""historical_reply"": ""@125400 Could you please confirm if you have provided your details through the link given below? ^VH"", ""similarity"": 0.154, ""case_id"": ""42540""}, {""customer"": ""Hey @115821 you lost my package, offered a replacement, and then told me a replacement isn\u2019t possible. What gives?!?!"", ""historical_reply"": ""@136735 Hi Grace, without providing any personal information. Can you advise us of why the replacement wasn't possible? ^KI"", ""similarity"": 0.146, ""case_id"": ""95355""}, {""customer"": ""@AmazonHelp Still no book \ud83d\ude14"", ""historical_reply"": ""@127580 I'm sorry you haven't received your book yet, we appreciate your patience. Have you received any e-mail updates? ^EB"", ""similarity"": 0.115, ""case_id"": ""51595""}]",delivery_status,FALSE,,,,,,,,,,,complaint,False,"Review the suggestion against customer_text, draft_reply, and evidence_json. Human fields must be independently entered.",
80717,AmazonHelp,80718,@130705 I understand your concern regarding the AmazonQuiz. Please be assured that all promotions and contest on our page are genuine. You can check all the results here: Appreciate your understanding. ^KH,80718,130705,@AmazonHelp Why don't u upload the winner list on Amazon App.. And also taking too much time to accounce quiz winner and not accouncing on given time... Sorry to say that but it looks like it's all fake fake fake fake.... Totally disappointed with d AmazonQuizApp process,complaint,80719,information_request,0.1682116827730918,ESCALATE,low intent confidence (0.17); possible multi-issue message,Thanks for flagging this. I’m routing this to a support specialist so they can review the details securely.,"[{""customer"": ""@115821 Amazon making fool of people's for playing quiz on Amazon App.. And not accouncing the winner list on that app.. ... Only doing there publicity to give prizes.."", ""historical_reply"": ""@130705 That's quite a negative comments, Ashok! Did we miss out on announcing the winner list for any contest? You can find the winner's list of the contests here: ^SF"", ""similarity"": 0.314, ""case_id"": ""64059""}, {""customer"": ""@AmazonHelp Where is the winner list?"", ""historical_reply"": ""@132732 Here's the winners list of OnePlus 5T contest : and LG Q6 : ^GK"", ""similarity"": 0.263, ""case_id"": ""103064""}, {""customer"": ""When will you announce Amazon LGQ6 phone app quiz winner list. @115850 @AmazonHelp"", ""historical_reply"": ""@137128 Winners for the #LGQ6AppQuiz contest will be announced by November 30, 2017. ^MP"", ""similarity"": 0.198, ""case_id"": ""96807""}]",complaint,TRUE,,,,,,,,,,,information_request,False,"Review the suggestion against customer_text, draft_reply, and evidence_json. Human fields must be independently entered.",
127961,AmazonHelp,127960,"@144764 I get your disappointment, Apeksh. Kindly revert to the correspondence which you have received from us and we will assist you further. ^SM",127960,144764,@AmazonHelp Worst correspondence ever,complaint,127972,complaint,0.6559015834301436,ESCALATE,low intent confidence (0.66); weak historical match (0.20),Thanks for flagging this. I’m routing this to a support specialist so they can review the details securely.,"[{""customer"": ""@AmazonHelp Worst experience ever. I don't understand carriers accepting jobs they cannot do. I would rather have had @115817 over @118706 ANY DAY OF THE WEEK"", ""historical_reply"": ""@135279 I'd like to have a member from my team investigate this further. Please provide your details here: and your earliest convenience. Thanks in advance! ^EZ"", ""similarity"": 0.198, ""case_id"": ""89119""}, {""customer"": ""@AmazonHelp You guys sucks, you have the worst support ever."", ""historical_reply"": ""@139220 I'm sorry to hear you've had a negative experience with us. Without providing account details, can you give us more information on the issue you're having? ^JS"", ""similarity"": 0.173, ""case_id"": ""105115""}, {""customer"": ""@AmazonHelp worst service experience in last 3 months, delivery boy is so unprofessional &amp; absurd in talking as if he is doing favour for me"", ""historical_reply"": ""@120853 We're sorry about your delivery experience, Someshwar. Please report this here: We'll investigate. ^HK"", ""similarity"": 0.155, ""case_id"": ""22221""}]",complaint,TRUE,,,,,,,,,,,complaint,False,"Review the suggestion against customer_text, draft_reply, and evidence_json. Human fields must be independently entered.",
107262,AmazonHelp,107263,@139822 All contest winners are listed here: Kindly stay tuned while we announce the winners of LGQ6 quiz. ^NR,107263,139822,"@115850 why you are playing fake quiz with fake prizes,worst amazon. 30th november Aveeno baby quiz Oneplus5T quiz LGQ6 app quiz Fake quiz",complaint,107263,information_request,0.297630686126255,ESCALATE,low intent confidence (0.30),Thanks for flagging this. I’m routing this to a support specialist so they can review the details securely.,"[{""customer"": ""@115850 where the winners list of OnePlus5T app quiz &amp; LG Q6 app quiz?"", ""historical_reply"": ""@132732 Both the winner's list will be announced soon. Stay tuned with us! ^SF"", ""similarity"": 0.301, ""case_id"": ""74761""}, {""customer"": ""When will you announce Amazon LGQ6 phone app quiz winner list. @115850 @AmazonHelp"", ""historical_reply"": ""@137128 Winners for the #LGQ6AppQuiz contest will be announced by November 30, 2017. ^MP"", ""similarity"": 0.25, ""case_id"": ""96807""}, {""customer"": ""@AmazonHelp When will the winner name will be announced of oneplus5T app quiz"", ""historical_reply"": ""@133570 We haven't made any announcement yet. Stay tuned to our website for an update. ^MN"", ""similarity"": 0.22, ""case_id"": ""80742""}]",complaint,TRUE,,,,,,,,,,,information_request,False,"Review the suggestion against customer_text, draft_reply, and evidence_json. Human fields must be independently entered.",
22525,AmazonHelp,22527,@120919 Pls fil out this secure form and a specialist will look into this for you ^KM,22527,120919,Good morning @115821 - Day 4 of terrible customer service continues I guess Read:,complaint,22527,complaint,0.3333191262654917,ESCALATE,low intent confidence (0.33); weak historical match (0.18),Thanks for flagging this. I’m routing this to a support specialist so they can review the details securely.,"[{""customer"": ""@AmazonHelp And the bad service continues I see! I want a call from somebody tomorrow!!!"", ""historical_reply"": ""@147312 I'm sorry to hear about your experience, Chris! This certainly isn't what we want for our customers and we're here to help. I'd like to have someone look into this with you. Please provide us with your details here: ^NS"", ""similarity"": 0.182, ""case_id"": ""138936""}, {""customer"": ""@116090 Saying I preordered to early, terrible customer service. Won\u2019t renew prime if this isn\u2019t fixed."", ""historical_reply"": ""@116088 I'm sorry for the frustration, Anthony! Can you tell me more about which pre-order bonuses are missing? ^EA"", ""similarity"": 0.169, ""case_id"": ""1722""}, {""customer"": ""@AmazonHelp good morning. Apparently my package was delivered yesterday.. but I haven't received it. Can you help please?? Thanks"", ""historical_reply"": ""@132429 Sorry to hear that you haven't received it. This page will give you some handy tips in locating parcels scanned as delivered: ^MI"", ""similarity"": 0.135, ""case_id"": ""73466""}]",complaint,TRUE,,,,,,,,,,,complaint,False,"Review the suggestion against customer_text, draft_reply, and evidence_json. Human fields must be independently entered.",
55034,AmazonHelp,55035,@128476 Sorry about the inconvenience. Could you please tell us what went wrong so we can help you? ^NR,55035,128476,@115850 worst customer support and escalation team. You guys will never change. Always provide wrong information to your clients.,complaint,55035,complaint,0.3823488205387974,ESCALATE,low intent confidence (0.38); weak historical match (0.20); possible multi-issue message,Thanks for flagging this. I’m routing this to a support specialist so they can review the details securely.,"[{""customer"": ""@115850 Amazon customer service is the worst. They always give wrong information to customers. Wanted to buy iphone 8 plus , but they could not clarify my query."", ""historical_reply"": ""@146431 Apologies for the trouble with your query. Could you kindly elaborate on the issue for us to assist you better? ^PB"", ""similarity"": 0.199, ""case_id"": ""135072""}, {""customer"": ""@115821 has the worst customer service"", ""historical_reply"": ""@136745 Oh no! I'm sorry to hear that. Is there something we can assist with? ^DY"", ""similarity"": 0.162, ""case_id"": ""95412""}, {""customer"": ""@118919 I've received a tampered product...i want my refund asap.. i spent hour talking to your customer support and they were useless"", ""historical_reply"": ""@130706 I understand your concern regarding the refund. Please drop in your details here: and we will assist you. ^AH"", ""similarity"": 0.143, ""case_id"": ""64064""}]",complaint,TRUE,,,,,,,,,,,complaint,False,"Review the suggestion against customer_text, draft_reply, and evidence_json. Human fields must be independently entered.",
142039,AmazonHelp,142041,@148055 Apologies for the delay in collecting the package from you. Kindly fill in your details here: and we’ll contact you soon. ^MN,142041,148055,"@AmazonHelp Ah well, this is still pending. No pick up done yet. So so so disappointed",complaint,142052,complaint,0.3225026834650329,ESCALATE,low intent confidence (0.32),Thanks for flagging this. I’m routing this to a support specialist so they can review the details securely.,"[{""customer"": ""@AmazonHelp Still no reply...my complaint is still pending"", ""historical_reply"": ""@121656 Apologies for the ordeal. Kindly reply to our correspondence here: and we'll check this further for you. ^VN"", ""similarity"": 0.254, ""case_id"": ""25901""}, {""customer"": ""@AmazonHelp order 402-5978645-1673946, i've already sent a mail thrice. but no response. The cashback is still pending."", ""historical_reply"": ""@134798 We apologize that you haven't received your cashback. Kindly share your details here: and we'll contact you soon. Please don't provide your order details, we consider it to be personal information. Our page is visible to the public. ^VH"", ""similarity"": 0.147, ""case_id"": ""91488""}, {""customer"": ""@140867 @115830 Amazon have lost their edge. Prime used to be brilliant, now only so so. Next day delivery is no longer the norm."", ""historical_reply"": ""@146901 Hi, are you waiting for an order at the moment? ^TS"", ""similarity"": 0.135, ""case_id"": ""111971""}]",delivery_status,FALSE,,,,,,,,,,,complaint,False,"Review the suggestion against customer_text, draft_reply, and evidence_json. Human fields must be independently entered.",
34571,AmazonHelp,34572,@123488 I'm sorry about the trouble you had reaching us. Could you let us know more about your concern? ^GK,34572,123488,@115850 #worst ever customer service provided. Trying to contact since last 3 days but call is not happening.,complaint,34572,complaint,0.7458140464339933,ESCALATE,weak historical match (0.19),Thanks for flagging this. I’m routing this to a support specialist so they can review the details securely.,"[{""customer"": ""@AmazonHelp Yes I got your mail but mailing is not a solution,mail is sent to your executives since last 3 days but the order is not delivered.By sending mail, you are giving me assurance that I have been getting from the last 3 days.I think you guys don't understand the meaning of solution."", ""historical_reply"": ""@144977 I get your concern about the delivery, we're working with our logistics team to resolve this at the earliest for you. Further, you can reply to our correspondence and we'll be sure to reach out to you soon with an update. Your patience is much appreciated. ^VN"", ""similarity"": 0.189, ""case_id"": ""128819""}, {""customer"": ""@AmazonHelp I am requesting to return this product since last 15 days but no response at all. WORST return policy I have ever seen....."", ""historical_reply"": ""@122101 I'm sorry about the delay. Kindly share your details here: and I'll look into this. ^SG"", ""similarity"": 0.189, ""case_id"": ""27875""}, {""customer"": ""@115850 worst seller performance service."", ""historical_reply"": ""@132118 I get you being upset. We've responded to your concern here: We request you to check and do the needful. ^HS"", ""similarity"": 0.159, ""case_id"": ""73577""}]",complaint,TRUE,,,,,,,,,,,complaint,False,"Review the suggestion against customer_text, draft_reply, and evidence_json. Human fields must be independently entered.",
105103,AmazonHelp,105104,"@139217 Thanks for letting us know. Deliveries can be made until 21:00. If you don't receive it then, contact us here: ^LI",105104,139217,"“The driver is making one delivery before yours” ten seconds later “the driver has had to be re-routed, you will receive your delivery later”. @115830 you’re KILLING me. #boredhousewifeupdates",delivery_status,105104,delivery_status,0.5560192663521434,ESCALATE,low intent confidence (0.56),Thanks for flagging this. I’m routing this to a support specialist so they can review the details securely.,"[{""customer"": ""@AmazonHelp Package due to be delivered today. Two hours ago your tracking page said \""Driver is making 3 deliveries before yours\"", now it says there are \""7 deliveries before yours\"". Is it being delivered in a DeLorean per chance? #backtothefuture #timemachine"", ""historical_reply"": ""@135799 Hey, apologies that your package is stuck in time and space! Packages can get re-routed due to bad traffic, construction, or weather. Sometimes the delivery schedule needs to be juggled. You should still receive your package today! ^JC."", ""similarity"": 0.22, ""case_id"": ""91296""}, {""customer"": ""When you think you\u2019re being organised getting your student card out ready for the bus driver. But it turns out to be an amazon gift card and the driver looks at you like ur an actual thumb"", ""historical_reply"": ""@146390 Oh dear!! If it's any consolation, I once tried to pay for a taxi using a cinema receipt. ^DC"", ""similarity"": 0.146, ""case_id"": ""134806""}, {""customer"": ""@AmazonHelp Yes it says it\u2019s going to be Re delivered today but yesterday was already a Re delivery of same parcel?"", ""historical_reply"": ""@131050 Sorry for the continued issues with your delivery. Please keep us posted on the delivery today and let us know if you experience any further delays. Thank you. ^NV"", ""similarity"": 0.13, ""case_id"": ""65803""}]",delivery_status,FALSE,,,,,,,,,,,delivery_status,False,"Review the suggestion against customer_text, draft_reply, and evidence_json. Human fields must be independently entered.",
81751,AmazonHelp,81753,@134110 Sorry to learn about the trouble you've faced so far with your order. Kindly report this to our support team here: We'll have it checked.^AR,81753,134110,@115850 I hd ordrd a kybrd frm ur wbsite whch ws supposed 2 be delivered by 27th! It alrdy gt delayed by 2 days nd 2day I gt a msg tht th delivery ws attempted as no one ws available. I'm at hme only. They didn't evn care 2 make a call. NOT BUYING ANYTHING FROM YOUR SITE AGAIN.,delivery_status,81753,delivery_status,0.5818190323245409,ESCALATE,low intent confidence (0.58); weak historical match (0.16),Thanks for flagging this. I’m routing this to a support specialist so they can review the details securely.,"[{""customer"": ""@115850 Order#406-0952229-5801128 not yet delivered, ws supposed to be delivered on Friday, prime 1 day delivery promise. Marked delivered on Monday"", ""historical_reply"": ""@119533 it to be personal information. Our page is visible to the public. 3/3^AR"", ""similarity"": 0.16, ""case_id"": ""16107""}, {""customer"": ""@AmazonHelp I have and they didn\u2019t"", ""historical_reply"": ""@143189 I'm sorry to hear this JJ. What were you advised when you contacted us about this? ^MI"", ""similarity"": 0.116, ""case_id"": ""122011""}, {""customer"": ""@115850 @115821 Ths is so unprofessional of u guys.10k ws deducted frm my ac4no reasn&amp;tld tht it wil b compensated,but there's no ans."", ""historical_reply"": ""@120840 We're sorry to keep you waiting. Please fill in your details here: and we'll check right away. ^HK"", ""similarity"": 0.108, ""case_id"": ""22175""}]",delivery_status,FALSE,,,,,,,,,,,delivery_status,False,"Review the suggestion against customer_text, draft_reply, and evidence_json. Human fields must be independently entered.",
69970,AmazonHelp,69971,@131829 We'd like to check this for you. Kindly share your details here: and I'll look into this. ^SG,69971,131829,@AmazonHelp @115850 delivered my prepaid order of Rs 2000 to a different address. That's not it delivered the wrong item too. Check DM.,delivery_status,69971,delivery_status,0.4780172699510188,ESCALATE,low intent confidence (0.48),Thanks for flagging this. I’m routing this to a support specialist so they can review the details securely.,"[{""customer"": ""@119625 plzzz check DM"", ""historical_reply"": ""@131073 Please follow our Twitter page, so that we can reply to you through DM. ^SC"", ""similarity"": 0.209, ""case_id"": ""65900""}, {""customer"": ""@AmazonHelp Today delivered my order"", ""historical_reply"": ""@144618 I'm sorry about the delivery issue you re facing, could you confirm sharing your details in the above link? ^MJ"", ""similarity"": 0.179, ""case_id"": ""127443""}, {""customer"": ""@AmazonHelp Wrong item delivered yet charged for it"", ""historical_reply"": ""@135822 Oh no! I'm sorry for the troubles with this delivery! We want you to have a pleasant experience with us, so let's take a look to see what options we have for you! Can you tell me which Amazon site you order from? ^FR"", ""similarity"": 0.172, ""case_id"": ""91447""}]",delivery_status,FALSE,,,,,,,,,,,delivery_status,False,"Review the suggestion against customer_text, draft_reply, and evidence_json. Human fields must be independently entered.",
20474,AmazonHelp,20475,@120470 Sorry to hear this. Has any reason been given for the delay? ^KM,20475,120470,Man @115828 has become the most inept release day delivery service out there. What happened? You used to be the industry leader.,delivery_status,20475,delivery_status,0.5566097486743836,ESCALATE,low intent confidence (0.56),Thanks for flagging this. I’m routing this to a support specialist so they can review the details securely.,"[{""customer"": ""Hey @115830 - What happened to my next day delivery?!?"", ""historical_reply"": ""@146903 Hi Charlie! One day delivery would also depend on stock availability and the delivery address selected. May I ask what you're purchasing so we can take a look?^CN"", ""similarity"": 0.204, ""case_id"": ""137025""}, {""customer"": ""Fool me twice! Another kindle release day, another missed \""guaranteed release day delivery\"" #AMAZONFAIL"", ""historical_reply"": ""@119447 I'm sorry your Kindle hasn't arrived! Can you tell us the current tracking status? ^EZ"", ""similarity"": 0.197, ""case_id"": ""15672""}, {""customer"": ""@AmazonHelp Anyone out there"", ""historical_reply"": ""@124468 This may be helpful: If this doesn't help to answer, reach us phone/chat: ^KN"", ""similarity"": 0.177, ""case_id"": ""38807""}]",delivery_status,TRUE,,,,,,,,,,,delivery_status,False,"Review the suggestion against customer_text, draft_reply, and evidence_json. Human fields must be independently entered.",
11013,AmazonHelp,11015,"@118078 Yes, Release-Date Delivery is definitely a thing and the Amazon Prime two day shipping does mean two days after processed. ^CN",11015,118078,"@AmazonHelp Didn’t know I needed to. Is that really a thing?! But still Prime shipping should be 2 days, correct?",delivery_status,11017,delivery_status,0.3971823806567538,ESCALATE,low intent confidence (0.40),Thanks for flagging this. I’m routing this to a support specialist so they can review the details securely.,"[{""customer"": ""@AmazonHelp Thanks. That link goes to is that correct for queries?"", ""historical_reply"": ""@148062 Hi, Tony! If you can't login to you account on please go here for assistance: ^RB"", ""similarity"": 0.206, ""case_id"": ""142083""}, {""customer"": ""@AmazonHelp Eh, they don\u2019t know where it is either. The only thing we can all agree on is that it isn\u2019t with me where it should be. Hopefully turn up?!"", ""historical_reply"": ""@121292 Has it been dispatched? Is there any tracking available? ^PK"", ""similarity"": 0.13, ""case_id"": ""24558""}, {""customer"": ""@AmazonHelp Didn't get any further update"", ""historical_reply"": ""@132745 I'm sorry, please find an email correspondence from our team here: and revert, we'll be glad to help you. ^SI"", ""similarity"": 0.129, ""case_id"": ""74832""}]",delivery_status,TRUE,,,,,,,,,,,delivery_status,False,"Review the suggestion against customer_text, draft_reply, and evidence_json. Human fields must be independently entered.",
93703,AmazonHelp,93701,"@136312 We want to make sure this doesn't happen on your future deliveries. As we cannot access your account via Twitter, please contact us here: , so that we may have a chance to submit the carrier feedback. -RD",93701,136312,@AmazonHelp Was delivered by Amazon Logistics! Don’t have time to inspect it thoroughly now. Box clearly shows it’s a telescope and has a ‘This way up’ label in it. Mad beyond belief about this!,delivery_status,93702,delivery_status,0.3798378392310076,ESCALATE,low intent confidence (0.38); possible multi-issue message,Thanks for flagging this. I’m routing this to a support specialist so they can review the details securely.,"[{""customer"": ""@AmazonHelp It was delivered by Amazon Shipping."", ""historical_reply"": ""@139816 I'm very sorry to hear this! This is not what we expect from our drivers. I would like a Social Media specialist to look into this further. Please provide the information that is requested here: so we can get this escalated. ^ZW"", ""similarity"": 0.274, ""case_id"": ""107235""}, {""customer"": ""@AmazonHelp Amazon Logistics."", ""historical_reply"": ""@148239 Muchas gracias por la informaci\u00f3n, si deseas reportar esta situaci\u00f3n puedes ponerte en contacto con nuestros compa\u00f1eros de Atenci\u00f3n al Cliente a trav\u00e9s del siguiente enlace: ^MZ"", ""similarity"": 0.194, ""case_id"": ""142803""}, {""customer"": ""@AmazonHelp Amazon Logistics"", ""historical_reply"": ""@140412 Merci de vous rapprocher de notre service client via Ce dernier effectuera les v\u00e9rifications n\u00e9cessaires concernant cette livraison ^KD"", ""similarity"": 0.194, ""case_id"": ""109982""}]",delivery_status,FALSE,,,,,,,,,,,delivery_status,False,"Review the suggestion against customer_text, draft_reply, and evidence_json. Human fields must be independently entered.",
139076,AmazonHelp,139078,@147340 Orders are marked for delivery as per the estimated delivery dates. Does the same happen to be today? Please don't provide your order details as we consider it personal information. Our twitter page is visible to public.^CB,139078,147340,@115821 not deleverd order no 4__credit_card__..kindly support...given contact no is out of reach...consignment showing out for delivery since y'day..,delivery_status,139078,delivery_status,0.6332707936626939,ESCALATE,low intent confidence (0.63),Thanks for flagging this. I’m routing this to a support specialist so they can review the details securely.,"[{""customer"": ""@10827 @7507 @115850 @115821 @AmazonHelp It's showing out for delivery since morning now u guys saying sorry"", ""historical_reply"": ""@145540 Orders are usually delivered till 8.00 p.m, please wait till 8.00 p.m and keep us posted for any concerns. ^SU"", ""similarity"": 0.266, ""case_id"": ""130868""}, {""customer"": ""@AmazonHelp It says it has been out for delivery since 8:14am today"", ""historical_reply"": ""@131075 Our couriers can deliver until 21:00. Keep us posted on the delivery! ^MT"", ""similarity"": 0.221, ""case_id"": ""65907""}, {""customer"": ""My @115821 packages have been \u201cout for delivery\u201d since 11am. Means I\u2019m probably not going to get it today..."", ""historical_reply"": ""@130272 Thank you for contacting us. We'd like to help is we can. Have we missed the delivery date on your confirmation e-mail? Please keep us posted. ^CC"", ""similarity"": 0.179, ""case_id"": ""62303""}]",delivery_status,FALSE,,,,,,,,,,,delivery_status,False,"Review the suggestion against customer_text, draft_reply, and evidence_json. Human fields must be independently entered.",
43685,AmazonHelp,43687,"@125690 I'm sorry it hasn't arrived! Typically, the cutoff time for Same-Day Delivery is noon, however, this may change depending on the product. What is the delivery date shown in the e-mail confirmation: ^SJ",43687,125690,@AmazonHelp what’s the chances of getting my package (same day delivery) by 9 when it hasn’t even been shipped? 😞 🤷🏼‍♀️,delivery_status,43687,delivery_status,0.7430895649518493,AUTO_HANDLE,High-confidence intent with a sufficiently similar historical resolution.,"Thanks for reaching out. Based on similar cases, @117769 What is the delivery date according to the order confirmation e-mail? ^DD","[{""customer"": ""@AmazonHelp Haven't even gotten a email yet it hasn't even been dispatched by you guys this is just ridiculous I wouldn't mind at least it being dispatched by now but it hasn't"", ""historical_reply"": ""@117769 What is the delivery date according to the order confirmation e-mail? ^DD"", ""similarity"": 0.207, ""case_id"": ""77256""}, {""customer"": ""@AmazonHelp What's the update"", ""historical_reply"": ""@131026 Hey, we are following up on this. We will get back to you once there is an update. ^VN."", ""similarity"": 0.2, ""case_id"": ""65633""}, {""customer"": ""@AmazonHelp What's the update"", ""historical_reply"": ""@131026 Hey, this being a social platform we'll not be able to share the details here. Kindly check your email for further update. ^HD"", ""similarity"": 0.2, ""case_id"": ""65628""}]",delivery_status,FALSE,,,,,,,,,,,delivery_status,True,"Review the suggestion against customer_text, draft_reply, and evidence_json. Human fields must be independently entered.",
107243,AmazonHelp,107242,@139817 I'm sorry for the trouble with your order! Please reach out to us through the link ^AC provided so we can see look into this with you. ^MB,107242,139817,"@139818 @AmazonHelp Oh they dropped the ball hard on my streamdeck. It was shipped, then it wasn’t, then it shipped and got pushed back a day, then I got a call that my delivery was early and I needed to be there since they can’t leave it in my gated entry way lol",delivery_status,107240,delivery_status,0.4365861121146271,ESCALATE,low intent confidence (0.44); weak historical match (0.20); possible multi-issue message,Thanks for flagging this. I’m routing this to a support specialist so they can review the details securely.,"[{""customer"": ""@AmazonHelp Yes, and the app told me it was going to be there by 8, until after 8. Then it was pushed back two days. That tells anyone with a brain that your app shouldn\u2019t be telling people that"", ""historical_reply"": ""@132146 Hi Brian. It sounds like an unexpected delay, it can take some time for the tracking to update. Please keep us posted on when your order does arrive and if you experience any further delays. ^NV"", ""similarity"": 0.195, ""case_id"": ""71958""}, {""customer"": ""@AmazonHelp Not in my confirmation email, but on the order screen. Things I ordered on Monday are arriving today and tomorrow. Just a bummer that you've dropped the ball on this."", ""historical_reply"": ""@137110 What was the original delivery date given at checkout or email confirmation? Were the items sold by Amazon or third-party seller? You can check for that information here: We want to make sure you've been taken care of, so keep us posted!^FR"", ""similarity"": 0.139, ""case_id"": ""96732""}, {""customer"": ""@AmazonHelp oh! nov 8 or 9, but it was released yesterday and hasnt shipped"", ""historical_reply"": ""@124854 I know the wait is terrible! Please let us know if you don't get the order by the delivery date given! ^JZ"", ""similarity"": 0.128, ""case_id"": ""40388""}]",delivery_status,FALSE,,,,,,,,,,,delivery_status,False,"Review the suggestion against customer_text, draft_reply, and evidence_json. Human fields must be independently entered.",
89094,AmazonHelp,89095,@135276 We want to investigate this further with you. Please reach out to us using this secure link: ^GR,89095,135276,"@AmazonHelp For me personally, the issue is that they consistently (almost 100% of the time) deliver my packages to a house with the same number one street over. We have called Amazon several times and the problem isn't getting solved.",delivery_status,89097,delivery_status,0.1856523164566331,ESCALATE,low intent confidence (0.19); weak historical match (0.15); possible multi-issue message,Thanks for flagging this. I’m routing this to a support specialist so they can review the details securely.,"[{""customer"": ""@AmazonHelp I called several times but did not answer it \ud83d\ude16\ud83d\ude0c"", ""historical_reply"": ""@147595 Hello, are you able to use the live chat option ? ^CR"", ""similarity"": 0.147, ""case_id"": ""140043""}, {""customer"": ""@AmazonHelp i had already written several times"", ""historical_reply"": ""@146436 If you've shared your details, you must have received an email correspondence by the social media team by now. Request you to check and respond to it for further assistance. ^NK"", ""similarity"": 0.144, ""case_id"": ""135116""}, {""customer"": ""@115850 I have contacted your customer service executives several times but they were unable to resolve the issue and sent me mail that package has been delivered. i want my money back"", ""historical_reply"": ""@137086 We'll definitely do the needful. Request you to share the details through the secured link provided above and we will take the necessary actions. ^PR"", ""similarity"": 0.133, ""case_id"": ""96628""}]",delivery_status,FALSE,,,,,,,,,,,delivery_status,False,"Review the suggestion against customer_text, draft_reply, and evidence_json. Human fields must be independently entered.",
142110,AmazonHelp,142111,@148069 Apologies for the issue with your the latest order. Kindly fill in your details here: and we’ll contact you at the earliest. ^MN,142111,148069,"I am very glad to share ,Last two days experience with #AmazonIndia .I ordered 1 HP laptop.Am getting alert messages item left for delivery but I didn’t receive any call from delivery boy. After many times contacting with#amazoncustomer care .They given conclusion item returned .",delivery_status,142111,delivery_status,0.5076737070982614,ESCALATE,low intent confidence (0.51); weak historical match (0.12),Thanks for flagging this. I’m routing this to a support specialist so they can review the details securely.,"[{""customer"": ""@AmazonHelp Yes many times since yesterday however am getting very little help and the return pick is getting rescheduled every time"", ""historical_reply"": ""@123653 We regret the inconvenience. Please fill in your details here: We\u2019ll look into it. ^SB"", ""similarity"": 0.124, ""case_id"": ""35149""}, {""customer"": ""@115821 9327091224.check account by this number.last order is processed for refund.last two days i was calling to Amazon but cant receive my call"", ""historical_reply"": ""@120088 and we'll work on it. Please don\u2019t provide your order/account details as our Twitter page is visible to the public. 2/2 ^NS"", ""similarity"": 0.113, ""case_id"": ""18397""}, {""customer"": ""@AmazonHelp What is the response. I am yet to get a call from customer care"", ""historical_reply"": ""@120032 Please respond to our email or request a call back through the same mail so we could reach out to you. ^JC"", ""similarity"": 0.106, ""case_id"": ""18136""}]",delivery_status,FALSE,,,,,,,,,,,delivery_status,False,"Review the suggestion against customer_text, draft_reply, and evidence_json. Human fields must be independently entered.",
103037,AmazonHelp,103036,@138660 Thanks for the feedback 👍 That looks great - enjoy it. ^NW,103036,138660,@AmazonHelp It did arrive and I'm soooo happy! 😊 Thank you for making sure I got my package ❤,delivery_status,103033,delivery_status,0.2964583708755773,ESCALATE,low intent confidence (0.30); possible multi-issue message,Thanks for flagging this. I’m routing this to a support specialist so they can review the details securely.,"[{""customer"": ""@AmazonHelp It did! I received my \ud83d\udce6 \ud83d\udc6f\u200d\u2640\ufe0f"", ""historical_reply"": ""@123034 Yay! So glad we could get you your package! ^AD"", ""similarity"": 0.245, ""case_id"": ""31856""}, {""customer"": ""Yay score one for me heaven smiled I got my refund. Thank you @115821 @AmazonHelp for making it right."", ""historical_reply"": ""@137582 I'm sorry for any trouble or inconvenience, but I'm glad to hear we were able to help get things turned around! \ud83d\udc95 ^JR"", ""similarity"": 0.235, ""case_id"": ""128164""}, {""customer"": ""@AmazonHelp Thank you for your help"", ""historical_reply"": ""@148076 Of course! We'll be in touch soon! ^KJ"", ""similarity"": 0.233, ""case_id"": ""142140""}]",delivery_status,TRUE,,,,,,,,,,,delivery_status,False,"Review the suggestion against customer_text, draft_reply, and evidence_json. Human fields must be independently entered.",
83533,AmazonHelp,83525,"@134351 Hi, unfortunately we don't have access to your account via twitter, so we wouldn't be able to check. Please check out this link for more info on how to find a parcel marked as delivered: ^JC.",83525,134351,"@AmazonHelp All I would like you to do is find out who delivered the package and get them to tell you WHERE they delivered it to! It should not be marked as ""handed to recipient"" when it has not been handed to the recipient.",delivery_status,83528,delivery_status,0.5187389455581588,ESCALATE,low intent confidence (0.52); weak historical match (0.17); possible multi-issue message,Thanks for flagging this. I’m routing this to a support specialist so they can review the details securely.,"[{""customer"": ""@AmazonHelp Come on now...I\u2019ve checked everywhere! It says it\u2019s been handed to resident?! Where is it???"", ""historical_reply"": ""@140820 Sadly, due to account security, we don't have any additional information available via Twitter. Please contact our customer service by phone or chat here: Let us know what they find. ^DA"", ""similarity"": 0.173, ""case_id"": ""111726""}, {""customer"": ""@AmazonHelp Can you get them to reply to me?"", ""historical_reply"": ""@148572 We don't have access into your account through Twitter. You would need to contact the Audible team directly here: ^NC"", ""similarity"": 0.172, ""case_id"": ""144051""}, {""customer"": "".@AmazonHelp Item has not been delivered but tracking says it was handed to me over an hour ago... 2nd time this has happened. Sort it out"", ""historical_reply"": ""@115835 I'm so sorry you didn't receive your parcel! We'd like a chance to look into this with you here: ^SY"", ""similarity"": 0.163, ""case_id"": ""646""}]",delivery_status,FALSE,,,,,,,,,,,delivery_status,False,"Review the suggestion against customer_text, draft_reply, and evidence_json. Human fields must be independently entered.",
60271,AmazonHelp,60273,"@129777 Sorry for the wait! Typically, late orders arrive the next day. If yours doesn't contact us here: ^NN",60273,129777,LOL @115830 by far THE WORST experience! Waited all day for a delivery to be told...'yeah it's not coming...ah well' #EpicFail #Retailfail,delivery_status,60273,delivery_status,0.4500893127209146,ESCALATE,low intent confidence (0.45); weak historical match (0.19),Thanks for flagging this. I’m routing this to a support specialist so they can review the details securely.,"[{""customer"": ""@115830 waited in all day for my amazon prime for it not to arrive. Won't be renewing and it's needed for Friday. So annoyed"", ""historical_reply"": ""@138686 Hello Charlotte. I'm very sorry to hear you haven't received your order as promised! This certainly isn't what we strive for and we want to help you look further into what's going on. When you have the chance, please ring us here: ^HC"", ""similarity"": 0.188, ""case_id"": ""103136""}, {""customer"": ""@115830 (prime) waited in all day for my order..... it\u2019s not showing up today is it? Not great! Prime not showing up on time again"", ""historical_reply"": ""@140391 I certainly understand your concern! It's possible you can still receive your item today, If you don't have it by 8pm, please let us know so we can research this further with you. ^HC"", ""similarity"": 0.185, ""case_id"": ""109853""}, {""customer"": ""@AmazonHelp Yeah, it says \""Sold by: Amazon EU S.a.r.L.\"""", ""historical_reply"": ""@133002 Have you contacted us directly on the link provided by my colleague to highlight this issue?^SM"", ""similarity"": 0.17, ""case_id"": ""75958""}]",delivery_status,FALSE,,,,,,,,,,,delivery_status,False,"Review the suggestion against customer_text, draft_reply, and evidence_json. Human fields must be independently entered.",
118778,AmazonHelp,118779,@142329 I'm sorry you don't have your parcel! We'd like to help! Please reach out to us via phone/chat here: and we can help fix this. ^TK,118779,142329,"@115830 this is apparently a failed delivery attempt of 3 items, all due last Friday, still waiting despite promises that the items would be delivered Friday evening, Saturday morning, Sunday, Monday, Tuesday, you get the picture !!!!!",delivery_status,118779,delivery_status,0.8152502510824821,AUTO_HANDLE,High-confidence intent with a sufficiently similar historical resolution.,"Thanks for reaching out. Based on similar cases, @119702 What was the estimated delivery date provided in the order confirmation e-mail? ^MJ","[{""customer"": ""@AmazonHelp Ordered last Friday, still not here."", ""historical_reply"": ""@119702 What was the estimated delivery date provided in the order confirmation e-mail? ^MJ"", ""similarity"": 0.244, ""case_id"": ""16826""}, {""customer"": ""@115830 still waiting now?"", ""historical_reply"": ""@141270 I'm sorry for the delay. Late parcels typically arrive within 24 hours. Please keep us posted and let us know when it arrives. ^GR"", ""similarity"": 0.134, ""case_id"": ""113771""}, {""customer"": ""@AmazonHelp Arriving today. That's all it's said since this morning. My mum is waiting in as is still waiting. Just a rough time frame would be kind"", ""historical_reply"": ""@120542 I understand. Parcels can be delivered up to 21:00. Please let us know if the order does not arrive by that time. ^AL"", ""similarity"": 0.12, ""case_id"": ""20762""}]",delivery_status,FALSE,,,,,,,,,,,delivery_status,True,"Review the suggestion against customer_text, draft_reply, and evidence_json. Human fields must be independently entered.",
132347,AmazonHelp,132348,"@145861 I'm sorry to hear that, Kerri. Do you currently have an order that is marked as delivered and you still didn't receive it? You can find more info on how to locate your parcel here: ^MA",132348,145861,"@115830 Appalling service lately. Items marked as delivered when not, no emails just Customer Services who say ‘It’s been delivered’....on top of being two days late on Prime",delivery_status,132348,delivery_status,0.6678616396327229,ESCALATE,low intent confidence (0.67); weak historical match (0.15),Thanks for flagging this. I’m routing this to a support specialist so they can review the details securely.,"[{""customer"": ""@AmazonHelp Raised complaint 4 times...on top of it, I got a message saying my product has been delivered when I've been complaining for last 12 hours that it's not... Are you kidding me! And the customer support team can still not promise to deliver today!"", ""historical_reply"": ""@143936 I\u2019m sorry about this experience, Rahul. Do not worry. Please share your details here: and I'll get in touch with you. ^MK"", ""similarity"": 0.153, ""case_id"": ""124718""}, {""customer"": ""@115830 appalling customer service. Appalling delivery system. Two items apparently delivered but NOT. Why are there no supervisors or managers available? Prime membership seems to mean nothing to @115830"", ""historical_reply"": ""@139224 I'm so sorry for the wait! Have we missed the delivery date given in your order conformation e-mail? ^MH"", ""similarity"": 0.15, ""case_id"": ""105165""}, {""customer"": ""@AmazonHelp It's been delivered today. Thank u."", ""historical_reply"": ""@131793 We're glad to know the order was delivered. Do keep us posted for further concerns. ^BV"", ""similarity"": 0.148, ""case_id"": ""69711""}]",delivery_status,FALSE,,,,,,,,,,,delivery_status,False,"Review the suggestion against customer_text, draft_reply, and evidence_json. Human fields must be independently entered.",
103041,AmazonHelp,103039,"@138661 D’accord. Si à la date indiquée vous ne recevez toujours pas le colis, je vous invite à le signaler à notre SAV via le lien suivant : ^MD",103039,138661,@AmazonHelp Pas encore. La page de suivi de colis pour celui qui n’est pas encore arrivé me dit de revenir demain si j’ai toujours rien,delivery_status,103045,other,0.4518981418553714,ESCALATE,low intent confidence (0.45); weak historical match (0.20),Thanks for flagging this. I’m routing this to a support specialist so they can review the details securely.,"[{""customer"": ""@AmazonHelp \u00abCOLIS PRIVE\u00bb il y a \u00e9crit sur le suivi de colis. \u00e0 savoir que j'ai un deuxi\u00e8me colis qui devait arriver hier mais celui-ci, pas d'avis"", ""historical_reply"": ""@128315 Je vous invite \u00e0 contacter notre SAV pour signaler cela et remonter cet incident au service en charge des transporteurs. ^ASZ"", ""similarity"": 0.197, ""case_id"": ""54405""}, {""customer"": ""@AmazonHelp Ils devaient d\u00e9j\u00e0 m'envoyer une r\u00e9ponse le 27 pour l'annulation de la commande et je n'ai toujours rien"", ""historical_reply"": ""@132727 Je suis vraiment d\u00e9sol\u00e9e pour cela. Je vous propose de les relancer dans un premier temps via le lien indiqu\u00e9 pr\u00e9c\u00e9demment afin d'obtenir une r\u00e9ponse d\u00e9finitive. ^SB"", ""similarity"": 0.168, ""case_id"": ""74692""}, {""customer"": ""Encore une commande @120533 qui est perdue ... et cette fois-ci, c'est @132988 qui est responsable ! \u00e7a ne sert \u00e0 rien de payer le Prime si la livraison est aussi bancale !"", ""historical_reply"": ""@132987 J'en suis sinc\u00e8rement navr\u00e9. N'ayant pas acc\u00e8s \u00e0 votre compte, je vous invite \u00e0 contacter notre SAV afin de connaitre la raison du retard. Veuillez le faire via le lien suivant : ^ARC"", ""similarity"": 0.166, ""case_id"": ""75878""}]",delivery_status,FALSE,,,,,,,,,,,other,False,"Review the suggestion against customer_text, draft_reply, and evidence_json. Human fields must be independently entered.",
109940,AmazonHelp,109942,@140404 Hey Hannah! I'm sorry for the frustration. We'd like to help if we can! Did you receive any e-mails providing insight on the delivery date change? ^AJ,109942,140404,@115821 @AmazonHelp was promised next day delivery and it has been changed to later,delivery_status,109943,delivery_status,0.7108050318954677,ESCALATE,possible multi-issue message,Thanks for flagging this. I’m routing this to a support specialist so they can review the details securely.,"[{""customer"": ""@115821 @AmazonHelp"", ""historical_reply"": ""@126716 If you're sending a surprise and need the item hidden, our gift options can help! For more info: ^TK"", ""similarity"": 0.265, ""case_id"": ""47917""}, {""customer"": ""@AmazonHelp It says it has been dispatched."", ""historical_reply"": ""@139998 Ok, Keep an eye on the emails and keep us in the loop ^DJ"", ""similarity"": 0.23, ""case_id"": ""108089""}, {""customer"": ""@115821 what happened to next day delivery i pay a subscription for next day delivery nothing is on next day why?"", ""historical_reply"": ""@149045 Hi, please have a look here as to why this might be occurring : ^CR"", ""similarity"": 0.227, ""case_id"": ""145688""}]",delivery_status,FALSE,,,,,,,,,,,delivery_status,False,"Review the suggestion against customer_text, draft_reply, and evidence_json. Human fields must be independently entered.",
111767,AmazonHelp,111770,"@140828 I can understand why you're frustrated, Rosie! Here's some additional steps that may help recover the parcel: Let us know if that works! ^CS",111770,140828,@AmazonHelp Yes. Apparently it was signed for when no one was in and there’s a squiggle of a signature which isn’t mine. I asked for a call from amazon where the woman hung up on me and now I’m being told by a customer service chat that I might not get my parcel!,information_request,111775,delivery_status,0.2529925738759502,ESCALATE,low intent confidence (0.25); weak historical match (0.16); possible multi-issue message,Thanks for flagging this. I’m routing this to a support specialist so they can review the details securely.,"[{""customer"": ""@116935 worst customer service; got hung up on twice"", ""historical_reply"": ""@117845 I'm so sorry we've let you down; that's never our intent! We'd like to take a closer look into this and explore options with you. Please reach us by phone or chat when you have a moment for direct assistance: ^LL"", ""similarity"": 0.16, ""case_id"": ""9959""}, {""customer"": ""as ifffff my amazon courier says he's handed the parcel to resident when NO ONE WAS IN what a ssssssnake"", ""historical_reply"": ""@142960 Hi. My apologies for this. If you get in touch: we'll be happy to look into this with you. ^DC"", ""similarity"": 0.15, ""case_id"": ""132508""}, {""customer"": ""@AmazonHelp I ordered something that is Prime on 11/20. It's 11/30 and I still don't have it. And your customer service rep just hung up on me!!!"", ""historical_reply"": ""@136256 Hello, I'm sorry for the delay. What was the original delivery date you received in your confirmation email?"", ""similarity"": 0.138, ""case_id"": ""93468""}]",delivery_status,FALSE,,,,,,,,,,,delivery_status,False,"Review the suggestion against customer_text, draft_reply, and evidence_json. Human fields must be independently entered.",
27865,AmazonHelp,27866,"@122099 Hi, please get in touch with us here: &amp; we'll check the details. ^TS",27866,122099,"The @120474 email says “PRE-SALE AVAILABLE NOW FOR UK &amp; IRELAND TOUR” no option to purchase tickets for Ireland, help? #Morrissey",information_request,27866,information_request,0.3173914710234568,ESCALATE,low intent confidence (0.32); possible multi-issue message,Thanks for flagging this. I’m routing this to a support specialist so they can review the details securely.,"[{""customer"": ""@120474 it says I\u2019ve exceeded the amount of tickets for Morrissey tour, and I havernt even brought any?"", ""historical_reply"": ""@121996 Hi Zoe, sorry to see this! Please use this link to contact us: and we'll look into this for you. ^RL"", ""similarity"": 0.211, ""case_id"": ""27382""}, {""customer"": ""@120474 Hey, is the brighton date not included in the pre-sale for morrissey??"", ""historical_reply"": ""@121155 Hey, yes Brighton is included! ^TS"", ""similarity"": 0.206, ""case_id"": ""23976""}, {""customer"": ""@120474 Trying to buy Morrissey tickets for Brighton &amp; being told I've exceeded number of tickets! I haven't!"", ""historical_reply"": ""@122007 Hi Daniel. Please use this link to contact us: and we'll look into this for you. ^RL"", ""similarity"": 0.19, ""case_id"": ""27404""}]",delivery_status,TRUE,,,,,,,,,,,information_request,False,"Review the suggestion against customer_text, draft_reply, and evidence_json. Human fields must be independently entered.",
132534,AmazonHelp,132533,"@145901 Hey James, not a problem at all, we're happy to help! We have shipping restrictions to NI so it doesn't seem you would be able to have the Switch shipped through us. I'd suggest going with the other retailer you're looking at :) ^TI",132533,145901,"@AmazonHelp Appreciate the info. I can't really see what it falls under on that, maybe batteries? Just for clarity, in terms of living in Northern Ireland, there is no point holding off on a competitor deal then? Sorry to be a pain, but aiming to get the Switch as an Xmas gift :)",information_request,132531,information_request,0.3209380041980982,ESCALATE,low intent confidence (0.32); weak historical match (0.13),Thanks for flagging this. I’m routing this to a support specialist so they can review the details securely.,"[{""customer"": ""@AmazonHelp Ok, thanks for the info. That's helpful! Appreciate it!"", ""historical_reply"": ""@139219 Of course! Please reach out if you have any other questions or concerns! \ud83d\ude0a ^KJ"", ""similarity"": 0.131, ""case_id"": ""105109""}, {""customer"": ""@AmazonHelp Any idea why this can\u2019t be shipped to Northern Ireland? First time this has happened in all my time on Amazon \ud83d\ude1e"", ""historical_reply"": ""@132738 Hi Chris, some items aren't available to be delivered to Northern Ireland. You can find out more about delivery restrictions here: ^PJ"", ""similarity"": 0.126, ""case_id"": ""74791""}, {""customer"": ""@AmazonHelp Won\u2019t ship black kindle to Northern Ireland, but will ship white?!\ud83e\udd37\ud83c\udffb\u200d\u2640\ufe0f"", ""historical_reply"": ""@131042 Hey Kelsey, do you have the link so we can check that for you? ^RS"", ""similarity"": 0.124, ""case_id"": ""65760""}]",information_request,TRUE,,,,,,,,,,,information_request,False,"Review the suggestion against customer_text, draft_reply, and evidence_json. Human fields must be independently entered.",
134905,AmazonHelp,134906,"@146409 I'm so sorry for the troubles with your delivery, Phil! We don't have access to any account information here, but would like look into this with you! Have you tried these steps: to locate the delivery? Keep us posted on this! ^FR",134906,146409,@115830 your app says a parcel I ordered was handed to me yesterday;while I was on the school run.It was fulfilled by Amazon.Any help?,information_request,134906,delivery_status,0.3181561664081704,ESCALATE,low intent confidence (0.32); possible multi-issue message,Thanks for flagging this. I’m routing this to a support specialist so they can review the details securely.,"[{""customer"": ""@AmazonHelp It was from a third party seller but fulfilled by Amazon."", ""historical_reply"": ""@125588 We'd like to look into available options with you. Please reach out to us by phone here: ^VS"", ""similarity"": 0.228, ""case_id"": ""43271""}, {""customer"": ""@AmazonHelp sold by a seller, fulfilled by amazon"", ""historical_reply"": ""@146697 As the item is fulfilled by Amazon means these items are owned by third-party Sellers who store their stock in our Amazon Fulfilment Centres and allow us to deliver their products to you. As we don't own this stock, a return for a refund is the best option here. ^GA"", ""similarity"": 0.227, ""case_id"": ""136221""}, {""customer"": ""@AmazonHelp She said fulfilled by Amazon prime"", ""historical_reply"": ""@146136 We would ask that you don't share personal information such as order numbers via Twitter as it is public. Can I ask what your mum was advised when she contacted us?^TI"", ""similarity"": 0.219, ""case_id"": ""133787""}]",information_request,FALSE,,,,,,,,,,,delivery_status,False,"Review the suggestion against customer_text, draft_reply, and evidence_json. Human fields must be independently entered.",
33296,AmazonHelp,33295,@123357 You can definitely use the original packaging for your return! You could also get a return box from the carrier upon return. ^SD,33295,123357,"@AmazonHelp And I can use the original packaging, even if that's what caused the damage in the first place?",information_request,33293,information_request,0.27644808455213,ESCALATE,low intent confidence (0.28); weak historical match (0.19); possible multi-issue message,Thanks for flagging this. I’m routing this to a support specialist so they can review the details securely.,"[{""customer"": ""@AmazonHelp I reinstalled it &amp; it's working fine. But how did it happen in the first place?"", ""historical_reply"": ""@130679 Due to the internal technical glitches, we may encounter with such errors. But they are rectified soon. I'm glad that the application is working fine for you now. ^HS"", ""similarity"": 0.192, ""case_id"": ""63905""}, {""customer"": ""@AmazonHelp Please elaborate. If the charges are of prime subscription on then why was i charged 499 in the first place??"", ""historical_reply"": ""@119974 We'd like to have a look into the same; hence the request. Kindly reach out to our support team for further assistance. ^AB"", ""similarity"": 0.189, ""case_id"": ""17918""}, {""customer"": ""@AmazonHelp That's what I'm saying"", ""historical_reply"": ""@132745 We'd really like to help you out, Srinu. However, I would request you to reply to the email sent from Social Media team in order to assist you further. ^SM"", ""similarity"": 0.169, ""case_id"": ""74822""}]",delivery_status,TRUE,,,,,,,,,,,information_request,False,"Review the suggestion against customer_text, draft_reply, and evidence_json. Human fields must be independently entered.",
130358,AmazonHelp,130356,"@145395 Could you please let us know, if you've filled in your details from the account which has the order? ^PJ",130356,145395,"@AmazonHelp @115830 @115851 Dear Sir, Please look into my problem. I hv order one product in 12th Oct &amp; today is 27th Nov have not received my product as on date. Also I am not gtng ny response 4m customer service team as well. I am asking only one question when I can expect my product.",information_request,130332,delivery_status,0.157836466923319,ESCALATE,low intent confidence (0.16); possible multi-issue message,Thanks for flagging this. I’m routing this to a support specialist so they can review the details securely.,"[{""customer"": ""@AmazonHelp I have not received my refund .."", ""historical_reply"": ""@144768 I get your concern regarding your refund, Dr.Kumar. Could you please confirm if you've received a correspondence from our team here: ^MN"", ""similarity"": 0.202, ""case_id"": ""128035""}, {""customer"": ""@AmazonHelp yes I contacted but it is 10 days gone I have not received my product. And this is not enough to contact you on twitter @115851"", ""historical_reply"": ""@147336 Apologies for the inconvenience you've faced regarding the delivery of the product. Please fill in your details here: and we\u2019ll look into the issue for you. ^PJ"", ""similarity"": 0.146, ""case_id"": ""139061""}, {""customer"": ""@115821 Please give accurate delivery date. I ordered a product by paying 100 INR as delivery charges for assured one day delivery. I did not received my product yet. Customer care is giving false promises. This is not the first time I am facing this issue. Can I have solution?"", ""historical_reply"": ""@131822 I\u2019m sorry about the delay in delivery. I\u2019d like to look into this, please fill this form: and I\u2019ll contact you at the earliest ^RW"", ""similarity"": 0.128, ""case_id"": ""69937""}]",information_request,FALSE,,,,,,,,,,,delivery_status,False,"Review the suggestion against customer_text, draft_reply, and evidence_json. Human fields must be independently entered.",
16478,AmazonHelp,16476,@119629 Please connect with our support team here: for further assistance on it. ^RW,16476,119629,@AmazonHelp @AmazonHelp The link you sent me this page opens and in its settings I can't find where to change country to India.,information_request,16477,information_request,0.2584880373584078,ESCALATE,low intent confidence (0.26); weak historical match (0.19); possible multi-issue message,Thanks for flagging this. I’m routing this to a support specialist so they can review the details securely.,"[{""customer"": ""@AmazonHelp Did you find the message that you sent ? Can I have the link to that ?"", ""historical_reply"": ""@133921 We apologize for the delay in the response. Be assured that we will get in touch with you at the earliest. ^BV"", ""similarity"": 0.186, ""case_id"": ""80776""}, {""customer"": ""@AmazonHelp I don't know where to find this information on the Orders page."", ""historical_reply"": ""@143375 We'd like to look into this with you to see what options are available. Please reach out to us by chat here: ^JN"", ""similarity"": 0.162, ""case_id"": ""122689""}, {""customer"": ""@AmazonHelp Initially amazon sent me a totally wrong item I raised a request for exchange, But in exchange, again they sent me wrong item First you sent me some other shoes and in exchange you sent me a shoes of different size. This is really annoying"", ""historical_reply"": ""@143735 Certainly not the kind of experience we'd want you to have, Prithu. Could you please confirm, submitting your details using the link shared earlier? ^MK"", ""similarity"": 0.16, ""case_id"": ""124018""}]",delivery_status,TRUE,,,,,,,,,,,information_request,False,"Review the suggestion against customer_text, draft_reply, and evidence_json. Human fields must be independently entered.",
34481,AmazonHelp,34483,@123475 Sorry for the poor experience! Have you spoken our customer service so we could escalate this feedback to the carrier? ^AD,34483,123475,@115821 @115851 why do you continue to use @2150 I don’t get my items! How can “the door” sign for a package! Terrible service!,information_request,34483,information_request,0.2352098715602741,ESCALATE,low intent confidence (0.24); weak historical match (0.14),Thanks for flagging this. I’m routing this to a support specialist so they can review the details securely.,"[{""customer"": ""@AmazonHelp If I don't get my refund will go to consumer court"", ""historical_reply"": ""@146916 We are here to help. Please update us once you're done filling up the details and we'll investigate. ^HS"", ""similarity"": 0.136, ""case_id"": ""140901""}, {""customer"": ""yo @115821, how can I get my echo to answer to the name Janet?"", ""historical_reply"": ""@119211 We're always looking for ways to improve! Please send feedback/requests following the steps here: ^SH"", ""similarity"": 0.128, ""case_id"": ""14845""}, {""customer"": ""@AmazonHelp Then how can I get my money back? No use of crediting money in Amazon pay balance if I can't use it"", ""historical_reply"": ""@147305 Pay balance can't be flipped to bank account at the moment. You can use it to buy any other product on our marketplace. ^CB"", ""similarity"": 0.125, ""case_id"": ""138894""}]",information_request,FALSE,,,,,,,,,,,information_request,False,"Review the suggestion against customer_text, draft_reply, and evidence_json. Human fields must be independently entered.",
122013,AmazonHelp,122015,"@143190 Olá, Adrie! Saiba que as futuras promoções serão anunciadas diretamente no nosso site oficial e redes sociais. Fique de olho! 👀 ^CR",122015,143190,gente alguem sabe me informar se a @117086 vai dar mais descontos de livros após meia noite?,information_request,122015,other,0.3274742469251079,ESCALATE,low intent confidence (0.33),Thanks for flagging this. I’m routing this to a support specialist so they can review the details securely.,"[{""customer"": ""@AmazonHelp quando der meia noite v\u00e3o dar mais descontos nas compras?"", ""historical_reply"": ""@143742 Ol\u00e1, Triz! Assim que tivermos mais informa\u00e7\u00f5es das promo\u00e7\u00f5es saiba que ser\u00e3o anunciadas no nosso site e redes sociais. Fique de olho. \ud83d\ude03\ud83d\udc40 ^NB"", ""similarity"": 0.414, ""case_id"": ""124051""}, {""customer"": ""Black Friday chegando, e eu quero saber se a @117086 vai me ajudar a comprar meu Kindle Paperwhite. \u2665"", ""historical_reply"": ""@142700 Ol\u00e1, Hugo! Voc\u00ea pode verificar as informa\u00e7\u00f5es sobre o Kindle Paperwhite na promo\u00e7\u00e3o acessando o seguinte link: ^NB"", ""similarity"": 0.173, ""case_id"": ""120266""}, {""customer"": ""E j\u00e1 estou desesperada achando que n\u00e3o vai dar tempo da @117086 entregar o terceiro livro antes de eu teminar esse."", ""historical_reply"": ""@117953 Oi Juliana. Qual \u00e9 a data de entrega do seu pedido? \ud83e\udd14 ^JJ"", ""similarity"": 0.131, ""case_id"": ""10656""}]",delivery_status,TRUE,,,,,,,,,,,other,False,"Review the suggestion against customer_text, draft_reply, and evidence_json. Human fields must be independently entered.",
73542,AmazonHelp,73543,@132443 Apologies for not receiving the air purifier. This was never intended. Please report it to our support team through the link here: so that we can assist you accordingly. ^SC,73543,132443,"@115850 @115821 @115851 @118702 @132444 So this what I got when I ordered an air purifier for an colleague on @115850 . Turns out I ended up paying Rs.14,000 to order trash. Serious loss of trust in ordering anything online again.",information_request,73543,information_request,0.2286306062995523,ESCALATE,low intent confidence (0.23); weak historical match (0.14),Thanks for flagging this. I’m routing this to a support specialist so they can review the details securely.,"[{""customer"": ""@115850 hello good people of Amazon, my bf ordered a Polaroid camera but ended up paying 5k for a micro-usb cable?"", ""historical_reply"": ""@145534 Also, please don't provide your order details, we consider it to be personal info. Our page is visible to the public. (2/2)^SF"", ""similarity"": 0.139, ""case_id"": ""130812""}, {""customer"": ""@115850"", ""historical_reply"": ""@146146 Please don't provide your order details, as we consider them to be personal information. Our page is visible to the public. ^GK"", ""similarity"": 0.119, ""case_id"": ""133774""}, {""customer"": ""@115850"", ""historical_reply"": ""@124275 I'm sorry about the situation. Kindly share your details here: and I'll look into this. ^SG"", ""similarity"": 0.119, ""case_id"": ""38100""}]",information_request,FALSE,,,,,,,,,,,information_request,False,"Review the suggestion against customer_text, draft_reply, and evidence_json. Human fields must be independently entered.",
56833,AmazonHelp,56832,@128875 our specific team once we receive your details here: appreciate your understanding. 2/2 ^MJ,56832,128875,@AmazonHelp seller name: ECellStreet Global (India Division) Tell us what more you need?,information_request,56830,information_request,0.407767063758387,ESCALATE,low intent confidence (0.41); weak historical match (0.17),Thanks for flagging this. I’m routing this to a support specialist so they can review the details securely.,"[{""customer"": ""@AmazonHelp There isn't any such option as \""tell us more about your issue\"""", ""historical_reply"": ""@148076 You may also reach to our support team from here and you would see phones/e-mail/chat options. Hope this helps. ^KK"", ""similarity"": 0.171, ""case_id"": ""142152""}, {""customer"": "".@115850 @AmazonHelp thanks for no replies whatsoever on my complaint.an you please tell me what more should I do? @119351 @1015"", ""historical_reply"": ""@119350 Please fill in your details using the link: and I'll get in touch with you soon. ^AK (2/2)"", ""similarity"": 0.139, ""case_id"": ""15268""}, {""customer"": ""@AmazonHelp my Prime account isn\u2019t global ? ):"", ""historical_reply"": ""@137900 Prime is limited to the region you are in. If you purchased on you are limited to the US. If you are traveling abroad you can use video benefits: ^AF"", ""similarity"": 0.137, ""case_id"": ""99994""}]",product_issue,FALSE,,,,,,,,,,,information_request,False,"Review the suggestion against customer_text, draft_reply, and evidence_json. Human fields must be independently entered.",
145904,AmazonHelp,145905,@149073 We have'nt announced the winners of the one plus 5T contest. You will be personally notified with an email if you are selected. Wishing you luck. ^VH,145905,149073,"@115850 where is the result of oneplus 5t Giveaway , conducted through Amazon App",information_request,145905,information_request,0.5450239748063441,ESCALATE,low intent confidence (0.55),Thanks for flagging this. I’m routing this to a support specialist so they can review the details securely.,"[{""customer"": ""@AmazonHelp Where is the result of redtapequiz ?????"", ""historical_reply"": ""@133570 The results are not out yet, our team is working on it. Results would be declared soon. ^MD"", ""similarity"": 0.405, ""case_id"": ""80659""}, {""customer"": ""#SuperValueDayQuiz Where is the result of super value day quiz conducted on Oct 1 and 2 ? @AmazonHelp"", ""historical_reply"": ""@119446 The results will be announced soon. Kindly stay tuned for updates. ^AK"", ""similarity"": 0.304, ""case_id"": ""15668""}, {""customer"": ""@115850 @AmazonHelp where are the result of one plus 5t quiz?"", ""historical_reply"": ""@132452 As we have multiple contests running on Oneplus 5T, could you please let us know which one are your referring to, Sanket? ^RI"", ""similarity"": 0.288, ""case_id"": ""73568""}]",other,TRUE,,,,,,,,,,,information_request,False,"Review the suggestion against customer_text, draft_reply, and evidence_json. Human fields must be independently entered.",
108238,AmazonHelp,108239,"@140025 I am sorry for the poor delivery service. This is definitely not the customer experience we strive for. Just to clarify, could you confirm the carrier for delivery as shown in your orders: ^SC",108239,140025,@AmazonHelp This has now been located. It’s was with a neighbour but not next door and left on there doorstep. Not sure why it said it had been left with me when clearly not.,information_request,108243,delivery_status,0.3817738664515526,ESCALATE,low intent confidence (0.38); weak historical match (0.15); possible multi-issue message,Thanks for flagging this. I’m routing this to a support specialist so they can review the details securely.,"[{""customer"": ""@AmazonHelp Thank you for getting back. It's definitely not with a neighbour and it's definitely not been left outside anywhere, there's no note to say they tried to deliver or anything like that."", ""historical_reply"": ""@132156 Please get in touch with us here: so we can assist you further.^CN"", ""similarity"": 0.149, ""case_id"": ""72008""}, {""customer"": ""@AmazonHelp This is probably the 3rd time it's been left outside with no note, not sure if it's the same carrier. No I have no set safe place for orders"", ""historical_reply"": ""@137572 You can check which courier was used here: Setting up a Safe Space for deliveries may help prevent this in the future. Please, use the link ^SD provided to learn how. We'll be here if you need us! ^JE"", ""similarity"": 0.135, ""case_id"": ""98575""}, {""customer"": ""@AmazonHelp The issue is that it says that the package was delivered and left on my doorstep but they didn't knock on the door or anything like that so I never received the 2nd part of my package."", ""historical_reply"": ""@138292 I'm sorry you haven't received your package, Justin! Have you tried these tips for locating missing packages scanned as delivered: ? ^TH"", ""similarity"": 0.133, ""case_id"": ""101767""}]",information_request,FALSE,,,,,,,,,,,delivery_status,False,"Review the suggestion against customer_text, draft_reply, and evidence_json. Human fields must be independently entered.",
142856,AmazonHelp,142858,"@148248 Oh no! I'm so sorry! You're right, this isn't acceptable. When you can, please phone us here: to report this delivery. Thanks for bringing this to our attention. ^LB",142858,148248,"@115830 it is not okay for couriers to put there foot in your door, when you’ve already agreed to take a neighbours parcels. #poorsevice",information_request,142858,information_request,0.2894845585952557,ESCALATE,low intent confidence (0.29),Thanks for flagging this. I’m routing this to a support specialist so they can review the details securely.,"[{""customer"": ""@115821 why are you knocking on my door at 7 a.m. to take my neighbours parcels!? \ud83d\ude16"", ""historical_reply"": ""@145905 I am really sorry for that, Michael. Please contact us directly using the following link: so we can look into this for you.^SM"", ""similarity"": 0.24, ""case_id"": ""132557""}, {""customer"": ""@115850 Okay for replied me"", ""historical_reply"": ""@144787 It was a pleasure assisting you. Do let us know if you need any further assistance. ^SY"", ""similarity"": 0.173, ""case_id"": ""128148""}, {""customer"": ""@115830 what happens when you receive this on your door but the bin is empty? Apparently nothing! \ud83d\ude21"", ""historical_reply"": ""@127176 Oh no! We'd like to see what options are available for your order. Please call/chat with us here: ^MB"", ""similarity"": 0.151, ""case_id"": ""49904""}]",delivery_status,TRUE,,,,,,,,,,,information_request,False,"Review the suggestion against customer_text, draft_reply, and evidence_json. Human fields must be independently entered.",
71981,AmazonHelp,71979,"@132151 Hey Ron, do you have the link to the item on the website? ^RS",71979,132151,@AmazonHelp I put something on my wishlist last night for £59.99 (&amp; it's still showing that price atm on my list) click on the actual product &amp; price jumps up to £84.99?,information_request,71980,information_request,0.1683821270002923,ESCALATE,low intent confidence (0.17); weak historical match (0.14); possible multi-issue message,Thanks for flagging this. I’m routing this to a support specialist so they can review the details securely.,"[{""customer"": ""@AmazonHelp It doesn\u2019t give me an option when I click on the order"", ""historical_reply"": ""@148581 That's odd! Let's take a look into this further! When you have a chance, please reach out to us in real-time here: ^HM"", ""similarity"": 0.14, ""case_id"": ""144234""}, {""customer"": ""@AmazonHelp also different price on the app"", ""historical_reply"": ""@148230 Hi there, Could you please provide more information so we can help? ^HS"", ""similarity"": 0.112, ""case_id"": ""142776""}, {""customer"": ""Saw last week that Amazon charged me \u00a37.99 for prime delivery last month when I didn't even sign up to it, while cancelling it they offered me a bloody discount...... looked in my bank account just now and still haven't got the \u00a37.99 back."", ""historical_reply"": ""@147588 Sorry to hear about this. Have you canceled the Prime here:"", ""similarity"": 0.107, ""case_id"": ""140019""}]",complaint,TRUE,,,,,,,,,,,information_request,False,"Review the suggestion against customer_text, draft_reply, and evidence_json. Human fields must be independently entered.",
75976,AmazonHelp,75978,"@133006 Sorry to hear that, Dalila. Can I ask which Amazon site you use (.com / .co.uk / etc)?^TI",75978,133006,"Hi @116935 What happened to your app? The latest update deleted my entire music library, limited my prime access (due new 'music unlimited') and the images don't match the songs 👻👇🏻",information_request,75978,service_outage,0.3052744602689436,ESCALATE,low intent confidence (0.31); possible multi-issue message,Thanks for flagging this. I’m routing this to a support specialist so they can review the details securely.,"[{""customer"": ""@AmazonHelp what happened to my feedback..."", ""historical_reply"": ""@145394 I understand the importance of the skills you've mentioned for Echo. We've forwarded your feedback to our team internally for a review. ^MO"", ""similarity"": 0.223, ""case_id"": ""130329""}, {""customer"": ""Hey @115830 - What happened to my next day delivery?!?"", ""historical_reply"": ""@146903 Hi Charlie! One day delivery would also depend on stock availability and the delivery address selected. May I ask what you're purchasing so we can take a look?^CN"", ""similarity"": 0.178, ""case_id"": ""137025""}, {""customer"": ""@116935 My brother was just asking me about what music service I use. I told him Amazon music unlimited. Just forwarded him your tweet. You're welcome for a new subscriber."", ""historical_reply"": ""@137598 Thank you for the referral! I'm very glad to hear you're satisfied with our service! Happy listening! ^RO"", ""similarity"": 0.154, ""case_id"": ""98676""}]",billing_charge,FALSE,,,,,,,,,,,service_outage,False,"Review the suggestion against customer_text, draft_reply, and evidence_json. Human fields must be independently entered.",
107245,AmazonHelp,107246,"@139819 I can't promise it will help with your class, but there is a statistics skill you can add! 📈 We have a variety of skills to expand the things Alexa can help with. Additional details can be found here: ^MB",107246,139819,Can @115833 help me with my statistics class? #MBA2018,information_request,107246,information_request,0.1882966203950657,ESCALATE,low intent confidence (0.19),Thanks for flagging this. I’m routing this to a support specialist so they can review the details securely.,"[{""customer"": ""@AmazonHelp HELP ME"", ""historical_reply"": ""@148042 Did you receive any emails about your account been locked out? ^KM"", ""similarity"": 0.294, ""case_id"": ""141987""}, {""customer"": ""@115830 help me understand"", ""historical_reply"": ""@121883 Hi Ash, did the date change from your order confirmation email for the two items? ^TS"", ""similarity"": 0.217, ""case_id"": ""26855""}, {""customer"": ""@115850 HELP me with order no 171-2257132-6941919 which is not shipped yet."", ""historical_reply"": ""@123344 needful. Please don't provide your order details, we consider it to be personal info. Our page is visible to the public. 2/2 ^PR"", ""similarity"": 0.215, ""case_id"": ""33200""}]",product_issue,TRUE,,,,,,,,,,,information_request,False,"Review the suggestion against customer_text, draft_reply, and evidence_json. Human fields must be independently entered.",
134803,AmazonHelp,134804,"@146389 Hola Leo, no tenemos ningún problema reportado. ¿Ves algún mensaje de error al intentar ingresar? ^AR",134804,146389,@116928 sabeis si hay algun problema de inicio de sesion dentro de vuestra pagina web? Mas que nada porque no me deja iniciar sesion ni ver mis pedidos,information_request,134804,other,0.3804374937839238,ESCALATE,low intent confidence (0.38),Thanks for flagging this. I’m routing this to a support specialist so they can review the details securely.,"[{""customer"": ""@AmazonHelp no, ninguno, no puedo iniciar sesion"", ""historical_reply"": ""@144281 Humberto, por favor entra en contacto con nuestro Soporte al Cliente para que verifiquemos detalladamente: ^JQ"", ""similarity"": 0.261, ""case_id"": ""126034""}, {""customer"": ""@AmazonHelp Lo que me preocupa es el pedido y mas que nada el dinero si en dado caso de que no llegue :c"", ""historical_reply"": ""@127729 Alejandro, comprendemos tu preocupaci\u00f3n y queremos que se solucione lo m\u00e1s r\u00e1pido posible. Nuestros especialistas en cuentas te brindaran m\u00e1s detalles en cuando env\u00edes tu informaci\u00f3n. ^NP"", ""similarity"": 0.17, ""case_id"": ""52165""}, {""customer"": ""@AmazonHelp Tranquilos. De momento no hay se\u00f1al de alarma. El retraso era dentro de lo aceptable."", ""historical_reply"": ""@132418 Lo entendemos Don Ricardo, mantennos al tanto de la entrega de tu pedido. \u00a1Saludos! ^FZ"", ""similarity"": 0.138, ""case_id"": ""73402""}]",other,FALSE,,,,,,,,,,,other,False,"Review the suggestion against customer_text, draft_reply, and evidence_json. Human fields must be independently entered.",
134797,AmazonHelp,134799,"@146389 Entendemos Leo, gracias por la información. ¿Has intentado iniciar sesión desde otro dispositivo? También, puedes intentar realizarlo desde otro navegador. ^AV",134799,146389,"@AmazonHelp Justamente al intentar ingresar me sale esto al intentar ingresar, aparte de que cuando iba a revisar mis pedidos no me salia ninguno, teniendo 3 pedidos pendientes",other,134804,other,0.3574725395171644,ESCALATE,low intent confidence (0.36); weak historical match (0.18),Thanks for flagging this. I’m routing this to a support specialist so they can review the details securely.,"[{""customer"": ""@AmazonHelp Gracias, entonces con lo q sale en mis pedidos es mas q suficiente verdad ?"", ""historical_reply"": ""@143578 Es correcto Alan. Si necesitas m\u00e1s informaciones no dudes en contactarnos. ^JJ"", ""similarity"": 0.179, ""case_id"": ""123445""}, {""customer"": ""@AmazonHelp Por Amazon Logistics, me dicen que ya mero pero no lo han reprogramado. No quiero trato preferente pero por algo pague prime para recibir mis pedidos al d\u00eda siguiente o si no lo puedo recibir una reentrega al otro d\u00eda :("", ""historical_reply"": ""@143182 \u00bfHas entrado en contacto con nuestro Servicio al Cliente para obtener m\u00e1s detalles? Lo puedes hacer a trav\u00e9s del siguiente enlace: ^JQ"", ""similarity"": 0.144, ""case_id"": ""121970""}, {""customer"": ""@AmazonHelp No me piden ning\u00fan dato de facturaci\u00f3n solamente me sale esto, posiblemente sea que cometi el error de poner la misma direcci\u00f3n en una cuenta de Amazon Jap\u00f3n, quise comprar un producto pero bajo de precio y me lo compre en efectivo en otro lugar"", ""historical_reply"": ""@145391 Son necesarias m\u00ednimo 72 horas para recibir una respuesta por parte de los Especialistas de Cuenta una vez que has enviado los datos solicitados o tu respuesta. Te recomendamos esperar a que transcurra este tiempo estimado. Por favor mantennos al tanto. ^PC"", ""similarity"": 0.144, ""case_id"": ""130305""}]",account_access,FALSE,,,,,,,,,,,other,False,"Review the suggestion against customer_text, draft_reply, and evidence_json. Human fields must be independently entered.",
130755,AmazonHelp,130757,"@145519 That's quite a comment, Gautam! Could you tell us if any of your concerns went unattended so that we can assist you accordingly? ^SF",130757,145519,Lenovo Z2 Plus (Black) Please do not buy this product specially from @115850. They just sell and trap customer. Very poor experience.,other,130757,complaint,0.1887870029501968,ESCALATE,low intent confidence (0.19); weak historical match (0.17); possible multi-issue message,Thanks for flagging this. I’m routing this to a support specialist so they can review the details securely.,"[{""customer"": ""@AmazonHelp what happens if i buy this?"", ""historical_reply"": ""@126710 This would be sent to Your Games and Software Library once the order completes. ^ME"", ""similarity"": 0.175, ""case_id"": ""47895""}, {""customer"": ""@115830 where's my order? Very poor customer experience on your Black Friday deals. Surely you should be prepared for this demand?!"", ""historical_reply"": ""@131805 I am sorry that you haven't received your delivery yet, Charlotte! What was the original delivery date given at checkout or our email confirmation? Were the items sold by Amazon or third-party seller? You can check here: ^FR"", ""similarity"": 0.147, ""case_id"": ""69770""}, {""customer"": ""@AmazonHelp I just want to return this, pls raise my concern. Not able to do this from my end. Dont expect anything from my end. If this not done then i will make sure will not buy anymore from @115850"", ""historical_reply"": ""@132428 We understand your concern regarding the return of your order. Kindly connect with our support team here: and we'll assist you accordingly. ^VH"", ""similarity"": 0.138, ""case_id"": ""73456""}]",account_access,TRUE,,,,,,,,,,,complaint,False,"Review the suggestion against customer_text, draft_reply, and evidence_json. Human fields must be independently entered.",
18917,AmazonHelp,18916,@120227 Sorry about that! Could you kindly confirm if you have filled in the details with the link provided earlier? ^PB,18916,120227,@AmazonHelp @115850 @AmazonHelp @115821 . In the last 5 working days u ppl not able to arrange pick up.I m waiting for return since 30 days.,other,18941,complaint,0.1483449233093266,ESCALATE,low intent confidence (0.15); weak historical match (0.19),Thanks for flagging this. I’m routing this to a support specialist so they can review the details securely.,"[{""customer"": ""@AmazonHelp can u ready for return pick up i receive damage product"", ""historical_reply"": ""@120261 You must have received a correspondence from our team, request you to check the same. ^SH"", ""similarity"": 0.186, ""case_id"": ""19118""}, {""customer"": ""@AmazonHelp But please arrange return pick up from your hand"", ""historical_reply"": ""@120261 Please don't worry, our team will get in touch with you with a best possible resolution. ^SU"", ""similarity"": 0.177, ""case_id"": ""40422""}, {""customer"": ""@AmazonHelp In the last 30 mins? No."", ""historical_reply"": ""@131776 Hi Sally, you can get in touch with us here: We can investigate this further for you. ^HS"", ""similarity"": 0.176, ""case_id"": ""69609""}]",product_issue,FALSE,,,,,,,,,,,complaint,False,"Review the suggestion against customer_text, draft_reply, and evidence_json. Human fields must be independently entered.",
109861,AmazonHelp,109859,"@140393 Oh je, Frauen und Shoppen ;) Wenn du sie weit genug auf Distanz hältst, gerät sie nicht versehentlich in Shopping-Wut. ^LN",109859,140393,"@AmazonHelp Das werde ich....War heute schon kurz davor....Hatte den skill ""ehefrau"" installiert. ..Da gab es aber kein Kaffee sondern nur rumgemaule und Anweisungen für mich....Ist schon sehr real unsere ALEXA.....lg....schaut mal hier...",other,109863,information_request,0.3945185973466797,ESCALATE,low intent confidence (0.39); weak historical match (0.19),Thanks for flagging this. I’m routing this to a support specialist so they can review the details securely.,"[{""customer"": ""@AmazonHelp Okay, da kann ich es wieder umstellen, danke schon mal f\u00fcr den Tipp. Englisch an sich ist f\u00fcr mich kein Problem, was mich halt nervt ist wirklich der scheinbar zuf\u00e4llige Wechsel der Sprache."", ""historical_reply"": ""@148058 Versuch es sonst mal mit Cache und Cookies. Sollte n\u00e4mlich nicht so sein. ^TG"", ""similarity"": 0.186, ""case_id"": ""142063""}, {""customer"": ""@AmazonHelp Bringt nichts, da ich heute Abend Hannover wieder verlasse und die Bestellung f\u00fcr meine Eltern ist, ich es aber f\u00fcr sie einrichten muss..."", ""historical_reply"": ""@120916 Ohm, das ist dann richtig doof \ud83d\ude41 Ich hoffe, ihr findet eine L\u00f6sung. ^AN"", ""similarity"": 0.155, ""case_id"": ""22489""}, {""customer"": ""&gt;Die Lieferung wurde verz\u00f6gert, da kein Schlie\u00dffach frei war. Damit ist das Experiment \""Amazon Locker\"" f\u00fcr mich gescheitert. @116316"", ""historical_reply"": ""@128887 Sehr \u00e4rgerlich. Dein Feedback gebe ich gerne weiter. Liebe Gr\u00fc\u00dfe ^MI"", ""similarity"": 0.152, ""case_id"": ""56894""}]",refund_request,TRUE,,,,,,,,,,,information_request,False,"Review the suggestion against customer_text, draft_reply, and evidence_json. Human fields must be independently entered.",
18974,AmazonHelp,18975,@120232 and reply for further assistance. 2/2 ^SB,18975,120232,@AmazonHelp Provided my details hope I will get a resolution,other,18985,other,0.3165535789680383,ESCALATE,low intent confidence (0.32); weak historical match (0.18),Thanks for flagging this. I’m routing this to a support specialist so they can review the details securely.,"[{""customer"": ""@AmazonHelp Will I get a reply to my feedback comment?"", ""historical_reply"": ""@147312 Hi Chris. What feedback are you referring to? ^DC"", ""similarity"": 0.182, ""case_id"": ""138922""}, {""customer"": ""@AmazonHelp You have all my details. Please expedite the process"", ""historical_reply"": ""@119452 Thanks for the update. If you've filled in your details our teams will reach out to you soon. ^VM"", ""similarity"": 0.175, ""case_id"": ""15701""}, {""customer"": ""@AmazonHelp @115850 yes i have provided the details on link provided #amazonfails"", ""historical_reply"": ""@130696 Thanks for the confirmation. Once the details are shared our team will reach out to you through an email within 12 hours. Request you to check the correspondence and reply to it for further assistance. ^PR"", ""similarity"": 0.167, ""case_id"": ""63996""}]",other,FALSE,,,,,,,,,,,other,False,"Review the suggestion against customer_text, draft_reply, and evidence_json. Human fields must be independently entered.",
126795,AmazonHelp,126796,@144462 Could you please confirm if you've contacted our support team using the link provided above? ^AM,126796,144462,@AmazonHelp Why not answering,other,126799,information_request,0.3103040534480293,ESCALATE,low intent confidence (0.31),Thanks for flagging this. I’m routing this to a support specialist so they can review the details securely.,"[{""customer"": ""@115830 @AmazonHelp Why?"", ""historical_reply"": ""@148034 I am sorry to see this, Marcie. Did the package arrive opened? was the item still ok?^SM"", ""similarity"": 0.317, ""case_id"": ""141921""}, {""customer"": ""@115850 package is out for delivery still haven't received it yet.The tracking ID:115107715754. Delivery guy not answering the call."", ""historical_reply"": ""@133897 I'm sorry your facing the delivery issues. We deliver the packages till 8pm. I request you to kindly wait till this time frame. Do keep us posted for any further concerns. We're here to help. ^HS"", ""similarity"": 0.228, ""case_id"": ""80682""}, {""customer"": ""@AmazonHelp why am i being ignored"", ""historical_reply"": ""@149078 Sorry to hear you haven't had a response to your query Casey. How can I help?^TI"", ""similarity"": 0.181, ""case_id"": ""145848""}]",other,TRUE,,,,,,,,,,,information_request,False,"Review the suggestion against customer_text, draft_reply, and evidence_json. Human fields must be independently entered.",
75817,AmazonHelp,75818,@132975 We hear you!! Can you tell us more about your love of grand tour : ^HR,75818,132975,"@119625 @132976 Woah! This is life, the stuff that you wait for between periods of living. Already making plans for Dec 8. #TheGrandTour &lt;3",other,75820,information_request,0.3031570759326201,ESCALATE,low intent confidence (0.30); weak historical match (0.15); possible multi-issue message,Thanks for flagging this. I’m routing this to a support specialist so they can review the details securely.,"[{""customer"": ""@AmazonHelp Shall I wait for life? Worst customer service...pathetic!"", ""historical_reply"": ""@123350 Apologies, did you check for an email correspondence here: ^SI"", ""similarity"": 0.148, ""case_id"": ""33246""}, {""customer"": ""Thanks @116316 for the big box... And the stuff as well but it seems not much"", ""historical_reply"": ""@133903 That's indeed pretty much packaging in this box. Please feel free to provide your feedback directly via in order to let us know how to improve our services. ^KM"", ""similarity"": 0.12, ""case_id"": ""80716""}, {""customer"": ""It's coming. Can't wait for @115833. \ud83d\ude0d"", ""historical_reply"": ""@121403 Appreciate the excitement, Amol. Order will be delivered by the estimates provided. ^VH"", ""similarity"": 0.114, ""case_id"": ""24974""}]",complaint,TRUE,,,,,,,,,,,information_request,False,"Review the suggestion against customer_text, draft_reply, and evidence_json. Human fields must be independently entered.",
101798,AmazonHelp,101800,"@138299 Glad to hear that, Kristopher! Did you receive a feedback survey at the end of your chat? ^TI",101800,138299,Shout out to Ashish and Shruti from @AmazonHelp online chat support resolving two order issues (one my fault) in less than a minute! Thank you!,other,101800,other,0.1422972256729995,ESCALATE,low intent confidence (0.14); possible multi-issue message,Thanks for flagging this. I’m routing this to a support specialist so they can review the details securely.,"[{""customer"": ""@AmazonHelp - It is really poor service or has your online chat support been hacked ?"", ""historical_reply"": ""@136751 We are sorry for this issue. We would love to help. Without sharing personal or account information please give us more details. ^LM"", ""similarity"": 0.2, ""case_id"": ""95437""}, {""customer"": ""@AmazonHelp Thank you."", ""historical_reply"": ""@146920 You're welcome! I hope our team were able help. ^HS"", ""similarity"": 0.192, ""case_id"": ""137118""}, {""customer"": ""@AmazonHelp Thank you"", ""historical_reply"": ""@134799 You're welcome! Glad we could help.^CO"", ""similarity"": 0.192, ""case_id"": ""86116""}]",other,TRUE,,,,,,,,,,,other,False,"Review the suggestion against customer_text, draft_reply, and evidence_json. Human fields must be independently entered.",
128755,AmazonHelp,128758,"@144965 I understand you want to connect with our support team. However, could you tell me your concern so I can assist you accordingly. ^SF",128758,144965,@115850 why your customer care doesn't attend call i will call from yesterday but no response,other,128758,other,0.2100159227742568,ESCALATE,low intent confidence (0.21),Thanks for flagging this. I’m routing this to a support specialist so they can review the details securely.,"[{""customer"": ""@AmazonHelp What is the response. I am yet to get a call from customer care"", ""historical_reply"": ""@120032 Please respond to our email or request a call back through the same mail so we could reach out to you. ^JC"", ""similarity"": 0.227, ""case_id"": ""18136""}, {""customer"": ""@AmazonHelp I already did but no response"", ""historical_reply"": ""@125706 Was the order placed on Amazon.in or ? ^MK"", ""similarity"": 0.22, ""case_id"": ""43737""}, {""customer"": ""@AmazonHelp No option of call with customer care"", ""historical_reply"": ""@120469 If you're unable to arrange a call back, kindly contact our support team using the chat/email option and we'll help you. ^ZH"", ""similarity"": 0.168, ""case_id"": ""20446""}]",other,TRUE,,,,,,,,,,,other,False,"Review the suggestion against customer_text, draft_reply, and evidence_json. Human fields must be independently entered.",
95431,AmazonHelp,95429,"@136750 Mi dispiace! Se non l'hai già fatto, segnala l'inconveniente al nostro Servizio Clienti cliccando qui: I nostri colleghi sono a tua completa disposizione per assistenza. A presto! ^EA",95429,136750,@AmazonHelp Più con Poste che con voi: un pacco risulta ritirato all'ufficio postale ma non è stato davvero ritirato.,other,95430,other,0.3423548769899394,ESCALATE,low intent confidence (0.34),Thanks for flagging this. I’m routing this to a support specialist so they can review the details securely.,"[{""customer"": ""@120540 ho ordinato un prodotto il 24 con consegna prevista il 27. Sul sito delle Poste inserendo cod.tracking mi informa che pacco non \u00e8 stato consegnato x indirizzo incompl/errato. Come procedere?"", ""historical_reply"": ""@133578 Se Poste Italiane non \u00e8 in grado di consegnare un'ordine per indirizzo errato o incompleto, viene emesso un rimborso completo quando la spedizione viene restituita al nostro centro logistico. A presto! ^FA"", ""similarity"": 0.223, ""case_id"": ""78831""}, {""customer"": "".@AmazonHelp E' la terza volta che mi promettete un rimborso in buono regalo per un pacco regalo che \u00e8 arrivato in condizioni pietose ma dopo mille chat con operatori che \""le ho emesso io il rimborso, non si preoccupi\"" non \u00e8 ancora arrivato NULLA. Promesse e basta! DELUSO da voi."", ""historical_reply"": ""@149044 Andrea, l'email che ti conferma l'emissione del rimborso ti \u00e8 arrivata? ^BC"", ""similarity"": 0.205, ""case_id"": ""145683""}, {""customer"": ""@120540 consegna prevista per oggi ma non sapete che fine fa fattura il mio pacco \ud83d\udc4f"", ""historical_reply"": ""@138920 Mi spiace! Hai gi\u00e0 contattato il Servizio Clienti? ^CS"", ""similarity"": 0.184, ""case_id"": ""103999""}]",complaint,FALSE,,,,,,,,,,,other,False,"Review the suggestion against customer_text, draft_reply, and evidence_json. Human fields must be independently entered.",
18930,AmazonHelp,18929,@120227 Our team is currently working on your issue and will be resolved at the earliest. (1/2)^AU,18929,120227,@AmazonHelp You people always escalated issue and for another 24 hours.kindly do something substantial.still issue is unresolved. such a poor service.,other,18941,other,0.174495325032103,ESCALATE,low intent confidence (0.17); weak historical match (0.18); possible multi-issue message,Thanks for flagging this. I’m routing this to a support specialist so they can review the details securely.,"[{""customer"": ""@AmazonHelp issue is still unresolved. expecting responsible behavior."", ""historical_reply"": ""@146133 Thank you for sharing the details, Deepak. We're working on it and we'll get back to you with an appropriate resolution. ^SY"", ""similarity"": 0.184, ""case_id"": ""133665""}, {""customer"": ""@AmazonHelp Your team only asks for 24 hours"", ""historical_reply"": ""@144294 I understand, Deepa. Our team is working on this actively and will surely get back to you at the earliest. Appreciate your patience. ^PB"", ""similarity"": 0.139, ""case_id"": ""126096""}, {""customer"": ""@AmazonHelp GOT A RESPONSE TO WAIT FOR ANOTHER 24-48 HOURS ... WHY? NOW U GUYS KNOW THAT UR DELIVERY AGENT WAS THE FRAUD.... NOW GIVE ME MY MONEY #AmazonFails #AmazonFraud #AmazonPay #AmazonPayQuiz @115851"", ""historical_reply"": ""@130696 I understand your concern regarding an order. Since we received your details, we will get back with an update shortly. Appreciate your cooperation. ^BS"", ""similarity"": 0.136, ""case_id"": ""69698""}]",delivery_status,FALSE,,,,,,,,,,,other,False,"Review the suggestion against customer_text, draft_reply, and evidence_json. Human fields must be independently entered.",
69901,AmazonHelp,69900,@131820 Please check for a correspondence from social media team here: ^AP,69900,131820,@AmazonHelp I haven’t got any reply yet!,other,69933,other,0.3488185384345626,ESCALATE,low intent confidence (0.35),Thanks for flagging this. I’m routing this to a support specialist so they can review the details securely.,"[{""customer"": ""@AmazonHelp Haven't got one yet!!"", ""historical_reply"": ""@130473 details in the link provided earlier and we'll look into it. (2/2)^SQ"", ""similarity"": 0.491, ""case_id"": ""63134""}, {""customer"": ""@AmazonHelp Still haven't got any refund how long?"", ""historical_reply"": ""@146916 We've sent you a correspondence to your registered email ID here: Kindly check. ^PS"", ""similarity"": 0.411, ""case_id"": ""140903""}, {""customer"": ""@AmazonHelp Haven't received anything!"", ""historical_reply"": ""@127580 It's not uncommon for items to ship and deliver on the same day. Let us know if you don't receive your order by 9:00pm. ^TK"", ""similarity"": 0.262, ""case_id"": ""51592""}]",complaint,TRUE,,,,,,,,,,,other,False,"Review the suggestion against customer_text, draft_reply, and evidence_json. Human fields must be independently entered.",
127949,AmazonHelp,127951,"@144764 That's quite a remark! If the resolution provided is not up to your expectation, kindly request you to respond to our correspondence which you have received. We will assist you further. ^JS",127951,144764,@AmazonHelp Told you Customer care is complete crap 🤣🤣 Now I’ll tell your Twitter handlers are the same . Amazon can be renamed as Shitzon,other,127972,information_request,0.223281128967356,ESCALATE,low intent confidence (0.22); weak historical match (0.14),Thanks for flagging this. I’m routing this to a support specialist so they can review the details securely.,"[{""customer"": ""@AmazonHelp I'm UK based. Are the contact details the same?"", ""historical_reply"": ""@117632 Sorry! Try this one instead: ^TR"", ""similarity"": 0.14, ""case_id"": ""9125""}, {""customer"": ""@115850 you have messed up my delivery. Waiting for my order scheduled to be delivered yesterday and customer care is only making false promises. Where is my order?"", ""historical_reply"": ""@130691 Sorry to know that you haven't received the order yet, Mohit. Kindly report this to our support team here: and get it checked. ^SY"", ""similarity"": 0.114, ""case_id"": ""63961""}, {""customer"": ""@AmazonHelp It's the same thing"", ""historical_reply"": ""@148076 Please select the option 'Your Orders' and you will find a drop down option asking for your exact query. ^SI"", ""similarity"": 0.113, ""case_id"": ""142150""}]",complaint,TRUE,,,,,,,,,,,information_request,False,"Review the suggestion against customer_text, draft_reply, and evidence_json. Human fields must be independently entered.",
18977,AmazonHelp,18978,@120232 Apologies for the ordeal Bhakti. Please share your details here: and I'll get back to you. ^HN,18978,120232,@AmazonHelp I have already tried that option so hopeing you could provide better option,other,18985,other,0.3666513657904928,ESCALATE,low intent confidence (0.37),Thanks for flagging this. I’m routing this to a support specialist so they can review the details securely.,"[{""customer"": ""@AmazonHelp Have already done that."", ""historical_reply"": ""@146160 As you've shared your details with us. We'll check and get back to you with further information on this at the earliest. Appreciate your patience. ^KH"", ""similarity"": 0.274, ""case_id"": ""133878""}, {""customer"": ""@AmazonHelp I can\u2019t see that option at all."", ""historical_reply"": ""@146928 Hi, this would show when you are adding a delivery address to your account through the website. The option may not show when adding an address through the shopping app. ^ES"", ""similarity"": 0.265, ""case_id"": ""137146""}, {""customer"": ""@AmazonHelp i have :)"", ""historical_reply"": ""@120463 ok, and were you given some information? ^AS"", ""similarity"": 0.237, ""case_id"": ""20481""}]",complaint,TRUE,,,,,,,,,,,other,False,"Review the suggestion against customer_text, draft_reply, and evidence_json. Human fields must be independently entered.",
73632,AmazonHelp,73630,"@132469 If you are having trouble updating your Seller Account details, can you please reach out to our Seller Support team directly for assistance on this? You can reach them through this link: ^KI",73630,132469,"@AmazonHelp Hi there! Can't do so - neglected to mention I'm a Seller and not a regular customer. Well, I'm both. But this was for the Seller side. I understand the 2 halves of Amazon are separate like that so a normal customer procedure wouldn't work.",other,73631,information_request,0.1665148295933771,ESCALATE,low intent confidence (0.17); weak historical match (0.14); possible multi-issue message,Thanks for flagging this. I’m routing this to a support specialist so they can review the details securely.,"[{""customer"": ""@AmazonHelp Hi there, still no response from anyone!"", ""historical_reply"": ""@131814 Sorry to hear that, Julianne. Can I ask if you emailed us, or reached out by phone or Live Chat?^TI"", ""similarity"": 0.139, ""case_id"": ""69838""}, {""customer"": ""@115850 No speedy respnse frm the seller side..I asked 2 return my money but they are not ready 2 clr my issue i need my query to b solved"", ""historical_reply"": ""@119535 time frame has passed and you haven't received any update or if you aren't satisfied with seller's reply then you may file 2/n ^SH"", ""similarity"": 0.131, ""case_id"": ""16117""}, {""customer"": ""@AmazonHelp Thats the thing I told customer service. I created a new email address for the Prime trial and forgot it. What can I do so I'm not charged?"", ""historical_reply"": ""@116082 Hey Corey! Even on the new account you made you can turn of the auto renew through the same link ^SK posted for you. ^AJ"", ""similarity"": 0.127, ""case_id"": ""1698""}]",other,FALSE,,,,,,,,,,,information_request,False,"Review the suggestion against customer_text, draft_reply, and evidence_json. Human fields must be independently entered.",
83491,AmazonHelp,80600,"@134344 Hola Enrique, puedes verificar los métodos de pago que aceptamos actualmente en el siguiente enlace: ^KA",80600,134344,@116875 Paypal,other,80599,information_request,0.3099104002191964,ESCALATE,low intent confidence (0.31),Thanks for flagging this. I’m routing this to a support specialist so they can review the details securely.,"[{""customer"": ""@115821 Why i can't Pay with Paypal?!?"", ""historical_reply"": ""@147606 We do not currently accept Paypal as a payment option. You can however use any of the payment methods in the following link:"", ""similarity"": 0.339, ""case_id"": ""133922""}, {""customer"": ""Pourquoi y a toujours pas paypal sur amazon ? @AmazonHelp"", ""historical_reply"": ""@149048 Bonjour, je vous informe que nous n'acceptons pas le paiement par Paypal . Si vous r\u00e9sidez en France m\u00e9tropolitaine, sachez que vous avez la possibilit\u00e9 de payer en esp\u00e8ces des codes d'achat Amazon.fr de diff\u00e9rentes valeurs dans des boutiques physiques.^FT"", ""similarity"": 0.287, ""case_id"": ""145700""}, {""customer"": ""Gracias @116875"", ""historical_reply"": ""@143202 \u00a1Hola, Jesus! Con mucho gusto \ud83d\ude03 \u00bfRecibiste este producto hoy? ^LC"", ""similarity"": 0.25, ""case_id"": ""122065""}]",other,TRUE,,,,,,,,,,,information_request,False,"Review the suggestion against customer_text, draft_reply, and evidence_json. Human fields must be independently entered.",
59530,AmazonHelp,59528,"@129579 Figurati, buona serata! :) ^GD",59528,129579,@AmazonHelp Grazie mille :),other,59529,other,0.5322448622909233,ESCALATE,low intent confidence (0.53),Thanks for flagging this. I’m routing this to a support specialist so they can review the details securely.,"[{""customer"": ""@AmazonHelp Grazie Mille"", ""historical_reply"": ""@122229 Grazie a te! A presto! \ud83d\ude42 ^VE"", ""similarity"": 1.0, ""case_id"": ""28471""}, {""customer"": ""@AmazonHelp Grazie mille! Gentilissimi \u2764"", ""historical_reply"": ""@131413 Grazie a te, buona giornata! ^FA"", ""similarity"": 0.77, ""case_id"": ""67474""}, {""customer"": ""@AmazonHelp Fatto, grazie mille!"", ""historical_reply"": ""@148580 Grazie a te! \ud83d\ude42 ^VE"", ""similarity"": 0.552, ""case_id"": ""144102""}]",information_request,TRUE,,,,,,,,,,,other,False,"Review the suggestion against customer_text, draft_reply, and evidence_json. Human fields must be independently entered.",
80535,AmazonHelp,80534,"@133883 We would our best to make things right for you. Once we have your details with us, we'll work on it right away. ^CB",80534,133883,"@AmazonHelp OK, I am going use the link but your apology doesn't qualify here, I need my order completed. Why should I pay you more for the same product for no fault of mine.",other,80532,billing_charge,0.1818902457636159,ESCALATE,billing_charge is high-risk; low intent confidence (0.18),Thanks for flagging this. I’m routing this to a support specialist so they can review the details securely.,"[{""customer"": ""@AmazonHelp Ok"", ""historical_reply"": ""@128312 Appreciate your understanding, Narender. Do keep us posted for any further assistance. ^SV"", ""similarity"": 0.205, ""case_id"": ""54395""}, {""customer"": ""@AmazonHelp Ok, thanks for the help \ud83d\udc4d\ud83d\udc4d"", ""historical_reply"": ""@133002 No problem! Please keep us informed about this.^PJ"", ""similarity"": 0.164, ""case_id"": ""75954""}, {""customer"": ""@AmazonHelp OK Thanks"", ""historical_reply"": ""@145879 No problem. ^KM"", ""similarity"": 0.141, ""case_id"": ""132444""}]",other,FALSE,,,,,,,,,,,billing_charge,False,"Review the suggestion against customer_text, draft_reply, and evidence_json. Human fields must be independently entered.",
93554,AmazonHelp,93555,@136276 We'll always be there for you when you need us! ^JE,93555,136276,Shoutout to @115821 for replacing that broken controller I’ve been complaining about! 👍🏻,product_issue,93555,product_issue,0.207581415999936,ESCALATE,low intent confidence (0.21),Thanks for flagging this. I’m routing this to a support specialist so they can review the details securely.,"[{""customer"": ""Shoutout to @115821 for the super deal on glue sticks. Sincerely, teacher that\u2019s out of glue sticks in December \ud83d\ude2c"", ""historical_reply"": ""@134314 Glad we were able to help \ud83d\ude0a ^ES"", ""similarity"": 0.205, ""case_id"": ""83338""}, {""customer"": ""@AmazonHelp Done. I hope this will finally be corrected. We've been complaining about this for months &amp; have been ignored. This delivery method is HORRIBLE. You are putting your business in the hands of people who are ruining your reputation with their awful service. #amazonlogistics"", ""historical_reply"": ""@137588 We don't like letting you down, and hope that you give us another chance to make it up to you in the future! Please keep us posted once we've responded! ^FR"", ""similarity"": 0.162, ""case_id"": ""98633""}, {""customer"": ""@AmazonHelp Raised complaint 4 times...on top of it, I got a message saying my product has been delivered when I've been complaining for last 12 hours that it's not... Are you kidding me! And the customer support team can still not promise to deliver today!"", ""historical_reply"": ""@143936 I\u2019m sorry about this experience, Rahul. Do not worry. Please share your details here: and I'll get in touch with you. ^MK"", ""similarity"": 0.137, ""case_id"": ""124718""}]",billing_charge,TRUE,,,,,,,,,,,product_issue,False,"Review the suggestion against customer_text, draft_reply, and evidence_json. Human fields must be independently entered.",
126752,AmazonHelp,126753,@144452 I'm sorry for the trouble! We'd like to take a closer look at this with you. Please reach out to us at your convenience for troubleshooting here: ^LJ,126753,144452,@AmazonHelp ur #WatchNextList on @116618 is broken BIG TIME today in FACT ur app on @117013 #BluRayPlayer is SO FOULED UP I’m done trying to watch something w/u until u FIX it&amp;it’s helloooo @116602 bc I’d actually LIKE to watch something besides AMAZON resetting to HOME MENU,product_issue,126753,information_request,0.187640718950082,ESCALATE,low intent confidence (0.19); weak historical match (0.13); possible multi-issue message,Thanks for flagging this. I’m routing this to a support specialist so they can review the details securely.,"[{""customer"": ""wanted to watch mr robot but amazon won\u2019t work so inglorious basterds it is"", ""historical_reply"": ""@138682 Mr robot is working, could you please tell us what went wrong and we will assist you accordingly? ^VH"", ""similarity"": 0.132, ""case_id"": ""103122""}, {""customer"": ""I go to watch #thebay and episode 7 &amp; 8 aren\u2019t there??? \ud83d\ude2d @117090 @AmazonHelp"", ""historical_reply"": ""@117089 I'm sorry, I see we do have both episodes available. Can you let us know which device you are streaming this on? ^EB"", ""similarity"": 0.129, ""case_id"": ""5796""}, {""customer"": ""Hi @116618 when can I be able to watch #TheGrandTour on our my AppleTV? Decembre 2nd for the new season?"", ""historical_reply"": ""@127189 Hello Fran\u00e7ois, we don't offer this service for the moment. You will have news very soon. ^SB"", ""similarity"": 0.121, ""case_id"": ""49997""}]",product_issue,TRUE,,,,,,,,,,,information_request,False,"Review the suggestion against customer_text, draft_reply, and evidence_json. Human fields must be independently entered.",
5118,AmazonHelp,5119,@116912 I'm sorry your items arrived in these conditions. Let's explore your return or replacement options here: ^GG,5119,116912,#Amazon who packages these games. Ordered to games and both came rattling inside their cases. One is broken. Games may have suffered scratches. @115821,product_issue,5119,product_issue,0.357820654965223,ESCALATE,low intent confidence (0.36); weak historical match (0.15); possible multi-issue message,Thanks for flagging this. I’m routing this to a support specialist so they can review the details securely.,"[{""customer"": ""@AmazonHelp I don't like playing games, and I just tried to contact USPS. But I couldn't get a hold of them last night or this morning. @AmazonHelp"", ""historical_reply"": ""@135279 We'd like to help! Please reach us by phone or chat: so that we can further investigate with you. ^KJ"", ""similarity"": 0.149, ""case_id"": ""89103""}, {""customer"": ""Ordered cases for our new iPhone X and @115821 sent me iPhone 8 cases for BOTH ones. NOT THE SAME PHONE! #pissed"", ""historical_reply"": ""@117793 I'm sorry you didn't receive the correct items! I recommend trying the steps here for wrong items: ^SJ"", ""similarity"": 0.107, ""case_id"": ""9791""}, {""customer"": ""@115851 @115850 i need a new phone. My old phone is broken. Will you give me a one! Thank you"", ""historical_reply"": ""@134785 We'd love to send you one new phone if you place an order of your preferred choice. :-) ^MN"", ""similarity"": 0.098, ""case_id"": ""93711""}]",product_issue,FALSE,,,,,,,,,,,product_issue,False,"Review the suggestion against customer_text, draft_reply, and evidence_json. Human fields must be independently entered.",
136842,AmazonHelp,136840,@146867 I've just checked and we've received your details. Please allow us some time and we'll reach out to you. ^KA,136840,146867,"@AmazonHelp The contact number was intentional. Anyways, its useless. The number doesn't work anyways. Its as useless to call as a 10 digit random number starting with Z.",product_issue,136847,product_issue,0.315088509854988,ESCALATE,low intent confidence (0.32); weak historical match (0.14),Thanks for flagging this. I’m routing this to a support specialist so they can review the details securely.,"[{""customer"": ""@AmazonHelp As requested, can someone phone me on the number provided. Thanks"", ""historical_reply"": ""@124066 Please keep an eye on your emails for an update from the relevant department.^BD"", ""similarity"": 0.143, ""case_id"": ""138956""}, {""customer"": ""@AmazonHelp Could I have a contact number for your head office?"", ""historical_reply"": ""@143189 Hi JJ, if you can give us some details about the issue we'll be happy to help further. - Tara S"", ""similarity"": 0.142, ""case_id"": ""122004""}, {""customer"": ""@AmazonHelp This is the number 0870 042 0479"", ""historical_reply"": ""@133890 Thank you for providing that for us. If you contact us via our website, we will call you back. You can do so via this link: As per previous correspondence, we have a freephone within the UK. ^JC."", ""similarity"": 0.14, ""case_id"": ""80630""}]",product_issue,TRUE,,,,,,,,,,,product_issue,False,"Review the suggestion against customer_text, draft_reply, and evidence_json. Human fields must be independently entered.",
62199,AmazonHelp,62201,@130245 We are truly sorry! Can you provide more details about the issues you're having when accessing the Brant locker? ^SH,62201,130245,@115821 your Brant locker is broken AGAIN! I say again assuming you actually fix it. So tired of not being able to pick up my orders!,product_issue,62201,delivery_status,0.1553015584678039,ESCALATE,low intent confidence (0.16); weak historical match (0.15),Thanks for flagging this. I’m routing this to a support specialist so they can review the details securely.,"[{""customer"": ""So frustrating @115830 I wanted to pick up my parcel tonight, it\u2019s been returned? \u201cPickup window ended tomorrow\u201d !"", ""historical_reply"": ""@126975 Oh no! I'm very sorry for the troubles with this Locker pickup, Leigh! Have you been in touch with us for real-time help? ^FR"", ""similarity"": 0.15, ""case_id"": ""49129""}, {""customer"": ""@AmazonHelp where is my order? I paid for 1 day delivery yesterday and no notification to say to pick it up at the pick up point."", ""historical_reply"": ""@121470 I am sorry for the wait! What's the latest tracking/delivery date shown in Your Orders here: ^LM"", ""similarity"": 0.15, ""case_id"": ""25293""}, {""customer"": ""Just pulled another #Amazon delivery out of the bushes since the #amzl people can\u2019t walk the extra 2 ft to my door. So tired of this."", ""historical_reply"": ""@115853 I'm sorry we let you down! We'd like to make sure this is addressed. Please provide some details here: ^BN"", ""similarity"": 0.14, ""case_id"": ""695""}]",complaint,FALSE,,,,,,,,,,,delivery_status,False,"Review the suggestion against customer_text, draft_reply, and evidence_json. Human fields must be independently entered.",
86072,AmazonHelp,86074,"@134791 We're here to help, sorry for any inconvenience! With Twitter, we're unable to access account or order information. To learn how to resolve a declined payment, click here: ^JE",86074,134791,@115830 From urselfs bar the €1 on Thursday! I've conveniently been told the card needs a day r so to activate so I tried purchasing something else from ur site an it was accepted straight away. So there is NO ISSUE with my card. And I want to know how to get this resolved as I'm being,product_issue,86075,product_issue,0.2111484850376393,ESCALATE,low intent confidence (0.21); weak historical match (0.14); possible multi-issue message,Thanks for flagging this. I’m routing this to a support specialist so they can review the details securely.,"[{""customer"": ""@AmazonHelp @115851 @120781 @7957 @2246 @AmazonHelp @115821 @115830 @115851 I know you have done nothing to resolve the technical issue with my account but still have sent an email to your team. If only you can do something at least to get this issue resolved as I have been harassed enough by you."", ""historical_reply"": ""@146160 As you have already reached out to our support team, they will be taking care of this for you. Do keep us posted if the issue still persists. ^MK"", ""similarity"": 0.143, ""case_id"": ""133852""}, {""customer"": ""@AmazonHelp Yeah I know how to check it. There's no information still"", ""historical_reply"": ""@118081 Please keep an eye on your e-mails and check your junk/spam folder. We'll let you know once we've confirmed a date. ^NM"", ""similarity"": 0.108, ""case_id"": ""11038""}, {""customer"": ""@AmazonHelp I called them, they fixed the location issue. I called again to get this download issue fixed&amp; been told that I'll get an email"", ""historical_reply"": ""@120916 We are sorry for the delay. We like to check this. Please call our support one more time: ^MH"", ""similarity"": 0.107, ""case_id"": ""43258""}]",delivery_status,FALSE,,,,,,,,,,,product_issue,False,"Review the suggestion against customer_text, draft_reply, and evidence_json. Human fields must be independently entered.",
29482,AmazonHelp,29483,@122482 Please don't provide your order details as we consider it personal information. Our twitter page is visible to public.(2/2)^CB,29483,122482,OrderId 407-5786974-7485166 Ordered a washing machine and it was defected! No one came for taking it back.,product_issue,29483,delivery_status,0.2172033462413199,ESCALATE,low intent confidence (0.22); possible multi-issue message,Thanks for flagging this. I’m routing this to a support specialist so they can review the details securely.,"[{""customer"": ""@AmazonHelp It was scheduled for today. No one came for pick up of shipment. This is height of carelessness. @115850"", ""historical_reply"": ""@124163 here: and we'll get in touch with you soon. (2/2) ^MO"", ""similarity"": 0.237, ""case_id"": ""37602""}, {""customer"": ""@115850 ordered #Redmi4 OrderId 407-0938237-9516324.. not yet delivrd pathetic service from #Amazon"", ""historical_reply"": ""@120264 I'd like to take a closer look into it. Please fill in this form: and I'll revert shortly. 1/2 ^AB"", ""similarity"": 0.186, ""case_id"": ""19209""}, {""customer"": ""@115850 .. worst kind of service giving to his customers.. I have a purchased a boss washing machine.. waiting so long ..\ud83e\udd14"", ""historical_reply"": ""@120225 we have missed on the estimated delivery date ? 2/2 ^SB"", ""similarity"": 0.153, ""case_id"": ""18901""}]",billing_charge,FALSE,,,,,,,,,,,delivery_status,False,"Review the suggestion against customer_text, draft_reply, and evidence_json. Human fields must be independently entered.",
18678,AmazonHelp,18679,@120166 Please send us your details here: so we can look into this for you. ^LI,18679,120166,@115821 Amazon truck damaged my lawn my lawn .Love Amazon . So sad no one called me back today as promised! Why?,product_issue,18679,product_issue,0.15033762531438,ESCALATE,low intent confidence (0.15); weak historical match (0.17),Thanks for flagging this. I’m routing this to a support specialist so they can review the details securely.,"[{""customer"": ""#signsyourearealadult @136279 recorded #Amazon delivery guy chucking my package, but I'm more concerned with him walking on my lawn."", ""historical_reply"": ""@136278 Oh no! I'm so sorry to see this, Peter! Thanks for bringing this to our attention. I'd like to have a member of my team investigate this. When you get a moment, please provide us with some additional details: Thanks! ^SW"", ""similarity"": 0.17, ""case_id"": ""93562""}, {""customer"": ""@AmazonHelp Your company canceled an order for a child\u2019s bday present that was to arrive 10/31 - no one called and support not helping"", ""historical_reply"": ""@127951 Sorry about your gift, Daniel! A specialist from my team would like to reach out: ^JZ"", ""similarity"": 0.096, ""case_id"": ""53492""}, {""customer"": ""So sad @AmazonHelp @115830 ruined his FIRST Halloween by failing to deliver his tiny costume 2 days running #whypayprime? #amazon #prime"", ""historical_reply"": ""@116830 Oh no! Did we miss the expected delivery date from your confirmation e-mail here: Please let us know. ^KL"", ""similarity"": 0.092, ""case_id"": ""4788""}]",product_issue,FALSE,,,,,,,,,,,product_issue,False,"Review the suggestion against customer_text, draft_reply, and evidence_json. Human fields must be independently entered.",
147358,AmazonHelp,147356,@149480 Have you checked your spam/junk folders for e-mails from us? ^AP,147356,149480,@AmazonHelp I have an email stating I would get answer to my issue within 1-2 business days...that was from last Sunday! Don't make promises you can't keep! #CustomerExperience,product_issue,147357,information_request,0.1473288373927523,ESCALATE,low intent confidence (0.15),Thanks for flagging this. I’m routing this to a support specialist so they can review the details securely.,"[{""customer"": ""@115821 has been disappointing lately. The only reason I have prime is for the 2 day shipping, my last 3 orders have all been hella late. Don\u2019t make promises, what you can\u2019t keep. \ud83d\ude22"", ""historical_reply"": ""@132708 Sorry to hear this. What date were you given in your order confirmation email?^ES"", ""similarity"": 0.209, ""case_id"": ""74613""}, {""customer"": ""@AmazonHelp Why 10 days when product received and as per your email it should reflect in my account within 5 business days"", ""historical_reply"": ""@146158 You're right, Anil. Once the refund is initiated, it takes a maximum of 5 business days for the amount to reflect in your account. However, it may take up to 10 business days for the package to reach the origin. Please note, these are the maximum time-frames. ^JC"", ""similarity"": 0.157, ""case_id"": ""135008""}, {""customer"": ""@AmazonHelp I'm not giving any order details I'm just informing you that I can't really respond back to an email saying it'll take 2-3 business days to resolve my issue that you have been promising to resolve within 24 hours from the past 16 days now!"", ""historical_reply"": ""@144294 I get your concern, apologize for the ordeal. Please reply back to the email and we'll get back to you at the earliest. ^PS"", ""similarity"": 0.152, ""case_id"": ""126087""}]",complaint,TRUE,,,,,,,,,,,information_request,False,"Review the suggestion against customer_text, draft_reply, and evidence_json. Human fields must be independently entered.",
56895,AmazonHelp,56898,"@128888 I'm sorry for the trouble with this! Please keep us posted on the outcome of your call, we want to ensure this is resolved! ^SB",56898,128888,"On call to @115830 for 4th time. None will collect damaged TV. Told @116324 will, but dimension and weight limits mean only unboxed. Mad",product_issue,56898,product_issue,0.2342836984616469,ESCALATE,low intent confidence (0.23); weak historical match (0.12); possible multi-issue message,Thanks for flagging this. I’m routing this to a support specialist so they can review the details securely.,"[{""customer"": ""@AmazonHelp Hello, It's just formality to told u,ur not eligible for it ,it's my 4th time worth experience with Amazon .I had ordered headphones due to some circumstances it's damaged. So,I had call no of time with Amazon customer care and third party (\""SHOPODEALZ\"")but they can't solved."", ""historical_reply"": ""@132134 We're sorry to know about the issues with the product. All items fulfilled by a seller are safeguarded under our A-Z guarantee policy. However, we'd like to check this close and assist. Please share the required details, here: ^YP"", ""similarity"": 0.121, ""case_id"": ""71915""}, {""customer"": ""@AmazonHelp sir can I expect a customer care executive on call"", ""historical_reply"": ""@145371 You can request a call back from our support team by following the below path. Click on the link here: &gt; Login to your Amazon.in account &gt; Under 'Tell us more about your issue', select 'More order issues' &gt; 1/2 ^SC"", ""similarity"": 0.113, ""case_id"": ""130233""}, {""customer"": ""@AmazonHelp 1st I called,amazon Call center dey said u will receive cheque.2nd time I called they said money will be credited soon.3rd time call to bank"", ""historical_reply"": ""@127584 I\u2019m sorry about that. I\u2019d like to assist you. Please fill this form: and I\u2019ll contact you soon. ^NK"", ""similarity"": 0.11, ""case_id"": ""51612""}]",product_issue,FALSE,,,,,,,,,,,product_issue,False,"Review the suggestion against customer_text, draft_reply, and evidence_json. Human fields must be independently entered.",
65697,AmazonHelp,65698,@131035 I'm so sorry for the order issues. I know how frustrating that can be and we'll do our best to help! Please call in so we can take a closer look at the problem together here: ^SG,65698,131035,"Alright, #Amazon. Ordered a CD. It came broken. Ordered a replacement. It came broken. Ordered a second replacement. Yes, it too came broken. It seems as if fluffy jiffy envelopes don't work as good as cardboard ones. Can't do no more exchanges, alas. Help, @AmazonHelp!",product_issue,65698,product_issue,0.6721548033181991,ESCALATE,low intent confidence (0.67),Thanks for flagging this. I’m routing this to a support specialist so they can review the details securely.,"[{""customer"": ""@AmazonHelp It came after all. :) Thank you"", ""historical_reply"": ""@139998 Excellent! Thanks for letting us know! :) Enjoy the rest of your day! ^BL"", ""similarity"": 0.206, ""case_id"": ""108086""}, {""customer"": ""@AmazonHelp Yes, it is"", ""historical_reply"": ""@123480 Happy to hear it. We'd like to document your experience and look into your options here: ^AF"", ""similarity"": 0.17, ""case_id"": ""34514""}, {""customer"": ""She\u2019s here! Thanks @115850 hope it\u2019s as good as I hear! #Alexa"", ""historical_reply"": ""@126319 Glad to know that you have received the order. I'm positive that you will be happy with the product. ^JS"", ""similarity"": 0.166, ""case_id"": ""46486""}]",product_issue,FALSE,,,,,,,,,,,product_issue,False,"Review the suggestion against customer_text, draft_reply, and evidence_json. Human fields must be independently entered.",
105048,AmazonHelp,105050,"@139206 I'm so sorry to hear about this poor experience, Robert-Jay! Could you please tell us a little more about what's going on? We want to help! ^SD",105050,139206,@AmazonHelp cheers for the damaged Pukka pads and an insult in response. Absolutely fab.,product_issue,105050,product_issue,0.6702643686527987,ESCALATE,low intent confidence (0.67); possible multi-issue message,Thanks for flagging this. I’m routing this to a support specialist so they can review the details securely.,"[{""customer"": ""Thanks @115821 for the damaged box but I\u2019m glad it still works"", ""historical_reply"": ""@136730 Truly sorry to see that your package arrived in this condition, but we too are glad to hear it's still in working order! We're always looking to improve, please submit packaging feedback here: ^JE"", ""similarity"": 0.254, ""case_id"": ""95332""}, {""customer"": ""@AmazonHelp Thanks for the quick response!"", ""historical_reply"": ""@131786 You're welcome :) ^AM"", ""similarity"": 0.173, ""case_id"": ""69657""}, {""customer"": ""@AmazonHelp Thanks for the reply."", ""historical_reply"": ""@143384 It's our pleasure. Please let us know if there's anything else that we can do to assist. We're here to help. ^FJ"", ""similarity"": 0.128, ""case_id"": ""122736""}]",product_issue,FALSE,,,,,,,,,,,product_issue,False,"Review the suggestion against customer_text, draft_reply, and evidence_json. Human fields must be independently entered.",
133603,AmazonHelp,133605,@146120 That's strange. I'm sorry to hear the package came in damaged and old. This is certainly not expected of us. Have you tried returning the power bank through the returns link here Do keep us posted. ^VM,133605,146120,@115850 @115821 @AmazonHelp I received old product. Local &amp; damaged packing. No charging. Power bank torch found switch on while unpacking #ShameOnYou,product_issue,133605,product_issue,0.4206133919553793,ESCALATE,low intent confidence (0.42); possible multi-issue message,Thanks for flagging this. I’m routing this to a support specialist so they can review the details securely.,"[{""customer"": ""@115821 @AmazonHelp"", ""historical_reply"": ""@126716 If you're sending a surprise and need the item hidden, our gift options can help! For more info: ^TK"", ""similarity"": 0.239, ""case_id"": ""47917""}, {""customer"": ""@115850 Not interested to dispatch my product? Called customer care thrice yet the product not dispatched. Ordered @2261 power bank"", ""historical_reply"": ""@124161 Apologies, we'd like to help. Kindly drop your details here: and we'll contact you soon. ^MO"", ""similarity"": 0.16, ""case_id"": ""37597""}, {""customer"": ""@115850 @115821 @AmazonHelp Details added to the link"", ""historical_reply"": ""@133921 Thanks for the update. We've received your details and we'll get back to you at the earliest. ^SC"", ""similarity"": 0.15, ""case_id"": ""80786""}]",product_issue,FALSE,,,,,,,,,,,product_issue,False,"Review the suggestion against customer_text, draft_reply, and evidence_json. Human fields must be independently entered.",
39578,AmazonHelp,39576,@124652 We'd like check this for you. Please fill this form: and we'll look into it. ^MO,39576,124652,"@AmazonHelp I did. It keeps happening to me. I mostly buy books, and my books end up looking like old books or they come damaged.",product_issue,39577,product_issue,0.2041224789010335,ESCALATE,low intent confidence (0.20); possible multi-issue message,Thanks for flagging this. I’m routing this to a support specialist so they can review the details securely.,"[{""customer"": ""@AmazonHelp I did it already~"", ""historical_reply"": ""@120322 W/o posting personal info, what is the issue with the orders? What was advised when you contacted? ^PK"", ""similarity"": 0.243, ""case_id"": ""19461""}, {""customer"": ""@AmazonHelp I did."", ""historical_reply"": ""@129194 Thank you! Please allow up-to 12 hours for an Account Specialist to look into this and to contact you. ^LH"", ""similarity"": 0.217, ""case_id"": ""58117""}, {""customer"": ""@AmazonHelp i did it , have a look now"", ""historical_reply"": ""@135808 We've received your details. Our team is currently looking into this, you'd receive an update anytime soon. Appreciate your patience. ^EM"", ""similarity"": 0.169, ""case_id"": ""91330""}]",product_issue,FALSE,,,,,,,,,,,product_issue,False,"Review the suggestion against customer_text, draft_reply, and evidence_json. Human fields must be independently entered.",
65685,AmazonHelp,65688,@131035 Were you advised as to why your cart had to be above $25? Were we able to provide a return label for the broken CDs?^PJ,65688,131035,.@AmazonHelp I’m kinda done - I spent 1.5 hours in talks with four (!) different hotliners which ended up not being able to help until I bought more (!) to have my cart be above $25 so I could return three other broken CDs. Will return &amp; scout local stores instead. @115851,product_issue,65698,product_issue,0.172150772872802,ESCALATE,low intent confidence (0.17); weak historical match (0.10); possible multi-issue message,Thanks for flagging this. I’m routing this to a support specialist so they can review the details securely.,"[{""customer"": ""@AmazonHelp Okay....what information do you need to be able to help then???"", ""historical_reply"": ""@117498 Hi, is the book listed as sold or fulfilled by Amazon? If so, please get in touch with us via the link ^GM provided. ^TS"", ""similarity"": 0.105, ""case_id"": ""8531""}, {""customer"": ""So, @AmazonHelp. I've tried 2 browsers and my cart is just showing a blank page. I have 24 items in my cart ready to finish my Christmas shopping."", ""historical_reply"": ""@135839 Thank you for contacting us. We are here to help, Joedee! If your Shopping Cart is empty or items are missing from it, it is likely that you are not logged in to your account. Learn more here: Let us know if this helps! ^SC"", ""similarity"": 0.104, ""case_id"": ""91514""}, {""customer"": ""@AmazonHelp @115851 Sir maybe you are able to help me with my order in getting the refund, as your teams in India are not able to do anything since last two months."", ""historical_reply"": ""@146160 I'm sorry about the stretch. The details are escalated to the team and we are working on it. We will reach out to you as and when there is an update. ^GK"", ""similarity"": 0.1, ""case_id"": ""133866""}]",product_issue,FALSE,,,,,,,,,,,product_issue,False,"Review the suggestion against customer_text, draft_reply, and evidence_json. Human fields must be independently entered.",
75847,AmazonHelp,75849,@132982 I'm sorry for the inconvenience. Please share your details here we would look into this. ^MD,75849,132982,"@115850 @115851 AmazonIN customer service is pathetic, I requested to refund to my amazon pay coz my bank account is closed! surprisingly Amazon like company do not have alternatives ways to refund a customer! Is Amazon most customer centric company? I doubt!",refund_request,75849,refund_request,0.6013681750772264,ESCALATE,low intent confidence (0.60); weak historical match (0.18),Thanks for flagging this. I’m routing this to a support specialist so they can review the details securely.,"[{""customer"": ""Amazon did something to my bank account spirit"", ""historical_reply"": ""@148261 I'm sorry to hear about this! Without giving account or personal information, could you please let us know more details about the situation? ^MW"", ""similarity"": 0.181, ""case_id"": ""142914""}, {""customer"": ""Amazon prime will be the death of my bank account"", ""historical_reply"": ""@145864 Hey Leo! Don't worry about it, at least you're gonna have some. Awesome stuff! \ud83d\udc4a ^JC"", ""similarity"": 0.147, ""case_id"": ""132376""}, {""customer"": ""@AmazonHelp I fill all the details in 2 time, i just checked in social media and i amazed how many people is suffering from your so-called customer centric company #UNINSTALLAMAZON"", ""historical_reply"": ""@133250 We've received you details and our team will get back to you with an update shortly. ^MN"", ""similarity"": 0.143, ""case_id"": ""77415""}]",refund_request,FALSE,,,,,,,,,,,refund_request,False,"Review the suggestion against customer_text, draft_reply, and evidence_json. Human fields must be independently entered.",
127970,AmazonHelp,127972,@144764 I apologies for the miscommunication. We'd like to have a closer look on this issue and help you. Please fill this form: and we’ll contact you soon. 1/2 ^RI,127972,144764,@115821 @115850 @AmazonHelp Either you’re smoking weed or weed is smoking you ? take a look at these mail sent by your so called customer representatives on the same day. You just extended my refund process from 24hrs to 10 days . #boycottAMAZON . Good bye Amazon.,refund_request,127972,refund_request,0.482984362466427,ESCALATE,low intent confidence (0.48); weak historical match (0.13),Thanks for flagging this. I’m routing this to a support specialist so they can review the details securely.,"[{""customer"": ""@AmazonHelp I fill all the details in 2 time, i just checked in social media and i amazed how many people is suffering from your so-called customer centric company #UNINSTALLAMAZON"", ""historical_reply"": ""@133250 We've received you details and our team will get back to you with an update shortly. ^MN"", ""similarity"": 0.127, ""case_id"": ""77415""}, {""customer"": ""@115821 Hey... could you please not offer same day delivery if you're not able to, you know, deliver?"", ""historical_reply"": ""@139203 Oh no! I'm sorry for the frustration! Can you give us more details on what's happening with your order? We'd like to help if we can! ^AJ"", ""similarity"": 0.117, ""case_id"": ""105024""}, {""customer"": ""@AmazonHelp do you take Bitcoin?"", ""historical_reply"": ""@127398 Hi there! That is a great question. Currently Amazon does not accept Bitcoin as a form of currency. We hope this helps! ^JD"", ""similarity"": 0.115, ""case_id"": ""50793""}]",refund_request,FALSE,,,,,,,,,,,refund_request,False,"Review the suggestion against customer_text, draft_reply, and evidence_json. Human fields must be independently entered.",
136156,AmazonHelp,136158,@146679 Hi Robert. I'm afraid the only option is to return it and to then place a new order. ^DC,136158,146679,"@AmazonHelp Hi, I bought The Witcher 3 yesterday and it has now dropped to £16.99. Can you refund me the difference rather than me returning it and ordering it again? 😊",refund_request,136158,refund_request,0.462575669056974,ESCALATE,low intent confidence (0.46); weak historical match (0.20); possible multi-issue message,Thanks for flagging this. I’m routing this to a support specialist so they can review the details securely.,"[{""customer"": ""@AmazonHelp I bought an item last week and now it\u2019s selling half price. I want to return and reorder or do you just want to refund me the difference?!"", ""historical_reply"": ""@138286 Thanks for reaching out! Currently, we don't offer post-purchase price matching. ^GS"", ""similarity"": 0.199, ""case_id"": ""101743""}, {""customer"": ""@AmazonHelp I ordered Baidyanath ghee attached order details FYR. Please correct the price in your website and refund me the difference amount."", ""historical_reply"": ""@145399 Also, please don't provide your order details, as we consider it to be personal information. Our Twitter page is visible to the public. 2/2 ^AP"", ""similarity"": 0.161, ""case_id"": ""130374""}, {""customer"": ""@AmazonHelp hi , i bought the pre load version of ww2 for ps4 and i wanted to know when will i get the 2xp code"", ""historical_reply"": ""@127737 If you don't receive the code by the end of the day tomorrow, please reach out to us here: ^WT"", ""similarity"": 0.157, ""case_id"": ""52193""}]",refund_request,FALSE,,,,,,,,,,,refund_request,False,"Review the suggestion against customer_text, draft_reply, and evidence_json. Human fields must be independently entered.",
56931,AmazonHelp,56932,"@125123 Please don't provide your details, we consider it personal information. Our Twitter page is visible to public. 3/3 ^HD",56932,125123,@115850 How can refunds this my money,refund_request,56932,refund_request,0.3081769158795644,ESCALATE,low intent confidence (0.31),Thanks for flagging this. I’m routing this to a support specialist so they can review the details securely.,"[{""customer"": ""@AmazonHelp Then how can I get my money back? No use of crediting money in Amazon pay balance if I can't use it"", ""historical_reply"": ""@147305 Pay balance can't be flipped to bank account at the moment. You can use it to buy any other product on our marketplace. ^CB"", ""similarity"": 0.257, ""case_id"": ""138894""}, {""customer"": ""How can I get free Headphones @115850 ?"", ""historical_reply"": ""@135322 Kindly stay tuned to our website for exciting contests so that you can win one. ^MN"", ""similarity"": 0.238, ""case_id"": ""89349""}, {""customer"": ""@115821 @115850 How can you keep the item status as delivered without reaching us, and telling us to wait for it?"", ""historical_reply"": ""@120315 I'm sorry for the incorrect tracking update. Kindly reach out to us here: and we will fix this for you. ^AH"", ""similarity"": 0.236, ""case_id"": ""19428""}]",refund_request,FALSE,,,,,,,,,,,refund_request,False,"Review the suggestion against customer_text, draft_reply, and evidence_json. Human fields must be independently entered.",
129699,AmazonHelp,129700,@145240 That's strange. Let me help you out here with the refund. Kindly fill in your details here and we'll reach out to you for assistance. ^VM,129700,145240,"@115850 hey having a issue in refund and call is not connecting to customer care executive, whenever I try to call the computer says that it's unable to find my order and call disconnected automatically Please solve this issue.",refund_request,129700,refund_request,0.2575451492462187,ESCALATE,low intent confidence (0.26); weak historical match (0.17); possible multi-issue message,Thanks for flagging this. I’m routing this to a support specialist so they can review the details securely.,"[{""customer"": ""@115850 i cannot call the coustomer care as they are saying that we couldn't find your order and call gets disconnected. Actually this is my 3rd tweet and no one is responding!! Very disappointed from amazon coustomer care @AmazonHelp"", ""historical_reply"": ""@134785 We apologize for the experience you had. Could you please elaborate on your concern for us to assist you accordingly. ^VH"", ""similarity"": 0.173, ""case_id"": ""91382""}, {""customer"": ""@AmazonHelp sir can I expect a customer care executive on call"", ""historical_reply"": ""@145371 You can request a call back from our support team by following the below path. Click on the link here: &gt; Login to your Amazon.in account &gt; Under 'Tell us more about your issue', select 'More order issues' &gt; 1/2 ^SC"", ""similarity"": 0.171, ""case_id"": ""130233""}, {""customer"": ""@AmazonHelp I did call the customer service. But, they were unable to provide any update!"", ""historical_reply"": ""@120613 I'd like to look into the issue and assist you with it. Please provide your details here: 1/2 ^SH"", ""similarity"": 0.144, ""case_id"": ""21048""}]",refund_request,FALSE,,,,,,,,,,,refund_request,False,"Review the suggestion against customer_text, draft_reply, and evidence_json. Human fields must be independently entered.",
23216,AmazonHelp,23218,@121057 Hi. Were you give advice on how to remove the lock from your account? ^DC,23218,121057,"@AmazonHelp I was told my account is on hold, if I can’t use my gift cards please return my money back to me Okay",refund_request,23219,refund_request,0.3002812696649374,ESCALATE,low intent confidence (0.30),Thanks for flagging this. I’m routing this to a support specialist so they can review the details securely.,"[{""customer"": ""@AmazonHelp Then how can I get my money back? No use of crediting money in Amazon pay balance if I can't use it"", ""historical_reply"": ""@147305 Pay balance can't be flipped to bank account at the moment. You can use it to buy any other product on our marketplace. ^CB"", ""similarity"": 0.23, ""case_id"": ""138894""}, {""customer"": ""@AmazonHelp No use of prime membership, return my money"", ""historical_reply"": ""@119791 Could you please confirm, if we've missed the estimated delivery date? ^AG"", ""similarity"": 0.191, ""case_id"": ""17212""}, {""customer"": ""@115830 I\u2019ve just earned a \u00a36 promo for a purchase of gift cards. Where within my account is it? I can\u2019t find it? I\u2019ve got a confirmation"", ""historical_reply"": ""@119971 I'm sorry you're not seeing the credit! Many promos apply at checkout. You can learn more here: ^SG"", ""similarity"": 0.164, ""case_id"": ""17910""}]",refund_request,FALSE,,,,,,,,,,,refund_request,False,"Review the suggestion against customer_text, draft_reply, and evidence_json. Human fields must be independently entered.",
69960,AmazonHelp,69961,@131827 Sorry for the delay in refunding the returned order. Has this been reported to our support team yet? You may connect with them from here and they would do the needful to help. 1/2 ^KK,69961,131827,@115850 myself Arun Choubey mob-9937045729 __email__. I have returned my product (samsung galax tab) of rs 47990/- on 03.10.17 but till date no refund credited. kindly short out the issue.It is very harrasing by the company.,refund_request,69961,refund_request,0.4156047155519733,ESCALATE,low intent confidence (0.42); weak historical match (0.13),Thanks for flagging this. I’m routing this to a support specialist so they can review the details securely.,"[{""customer"": ""@115850 I am looking for answers for non delivery of my product and also pathetic customer relationship attitude of Amazon inspire of shopping so much.I had booked item on 10 Nov it was to be delivered on 17th but till date no delivery,have spnk to Amazon assistance,most sweet spkg guys"", ""historical_reply"": ""@143382 I'm sorry that you haven't received the product yet. Kindly share your details here: and we'll look into the issue for you. ^GD"", ""similarity"": 0.132, ""case_id"": ""122725""}, {""customer"": ""@115850 worst experience with amazon till date"", ""historical_reply"": ""@134813 I'm sorry about the unpleasant experience. Could you please let us know what went wrong so we can help you? ^GD"", ""similarity"": 0.119, ""case_id"": ""86176""}, {""customer"": ""@115850 bought #amazonprime subscription on 16.10.17 under 100% #cashback offer.nothing has been credited to my amazon a/c. pls. help"", ""historical_reply"": ""@122489 Sorry for the hassle. Please report this to our support team here: and we'll check this. ^HN"", ""similarity"": 0.105, ""case_id"": ""29545""}]",refund_request,FALSE,,,,,,,,,,,refund_request,False,"Review the suggestion against customer_text, draft_reply, and evidence_json. Human fields must be independently entered.",
147233,AmazonHelp,147235,@149450 I'm sorry for the experience with your order. Please fill in the details here: and we'll have a closer look into this. ^HS,147235,149450,"I placed an order, you forgot to deliver. Then you delete all the info related to that order. When you are caught, you say the order is too old to be refunded/replaced. Simply great. @AmazonHelp . Contacted customer care. Refused to help.",refund_request,147235,refund_request,0.2205987398075029,ESCALATE,low intent confidence (0.22); weak historical match (0.14),Thanks for flagging this. I’m routing this to a support specialist so they can review the details securely.,"[{""customer"": ""@AmazonHelp I had placed an order a few days ago which I wanna replace. The problem is the order is vanished from the order section of my account. Help."", ""historical_reply"": ""@130735 That's unusual! Have you reported this to our support team here: ?^SF"", ""similarity"": 0.145, ""case_id"": ""64187""}, {""customer"": ""@6841 @115830 when you say an attempt was made to deliver an item &amp; we've been home all day what do you call such a statement?"", ""historical_reply"": ""@142147 I'm sorry to hear this. Have you had a chance to contact the courier for this parcel directly regarding the issue? You can find their contact information here: ^GR"", ""similarity"": 0.121, ""case_id"": ""117915""}, {""customer"": ""@AmazonHelp The order is sold by Amazon. Thank you"", ""historical_reply"": ""@133240 Thanks for confirming, Steffan! Please allow for delivery by 21:00 on the new estimated delivery date. Otherwise, we'll be happy to research other options via phone or chat here: I hope this helps! ^SD"", ""similarity"": 0.117, ""case_id"": ""77337""}]",refund_request,FALSE,,,,,,,,,,,refund_request,False,"Review the suggestion against customer_text, draft_reply, and evidence_json. Human fields must be independently entered.",
21531,AmazonHelp,21529,@120700 We've responded to you via DM. Please check. ^SG,21529,120700,@AmazonHelp Today when I was checking my ordereds I've come to know that refund not initiated for this product. When I called to customer care they said there is problem with product. I dont understand what's happening.,refund_request,21534,refund_request,0.3143600794534666,ESCALATE,low intent confidence (0.31); weak historical match (0.15),Thanks for flagging this. I’m routing this to a support specialist so they can review the details securely.,"[{""customer"": ""@115850 Order # 408-5138278-8575536, product pickup for refund yesterday but still refund not initiated. Kindly assist"", ""historical_reply"": ""@146158 I understand your concern regarding the refund, Anil. We'd like to help you with this. Kindly contact us here: Please don't provide your order details, we consider it to be personal information. Our page is visible to the public. ^SY"", ""similarity"": 0.148, ""case_id"": ""133833""}, {""customer"": ""@AmazonHelp why are you removimg @79087 from your tweets? I have official email from @79087 they dont care , they did not sell this product."", ""historical_reply"": ""@118918 I get your concern.We wouldn't be able to work on the issue until we receive a service denial letter from the manufacturer.^NS"", ""similarity"": 0.12, ""case_id"": ""13884""}, {""customer"": ""@AmazonHelp Spoke to customer service about a shipping problem and they said they sent out a new item but there is no reference to that in my account so I can\u2019t track it"", ""historical_reply"": ""@134323 Was there an e-mail sent to you about the replacement? Make sure to check your junk/spam mail as well. Please keep us posted. ^GP"", ""similarity"": 0.119, ""case_id"": ""83395""}]",refund_request,FALSE,,,,,,,,,,,refund_request,False,"Review the suggestion against customer_text, draft_reply, and evidence_json. Human fields must be independently entered.",
95374,AmazonHelp,95372,@136737 I'm glad you've contacted us. What information were we able to provide during our chat? ^RA,95372,136737,@AmazonHelp I already got to chat with one of your reps. Is there a way for me to get a refund without having to ship the LENS CAPS back to the US? Thanks,refund_request,95373,refund_request,0.5148690031933147,ESCALATE,low intent confidence (0.51); weak historical match (0.20),Thanks for flagging this. I’m routing this to a support specialist so they can review the details securely.,"[{""customer"": ""Is there a way to just browse on @115821 ? I just want to look through their dvds/bluerays and see what's there without having to search for something."", ""historical_reply"": ""@144979 Thanks for asking! You can browse by department by hovering over \""Shop By Department\"". For DVDs and Blu-rays, please select \""Movies, Music &amp; Games\"" and then choose the appropriate formats to browse. You can learn more about browsing here: ^EA"", ""similarity"": 0.196, ""case_id"": ""128833""}, {""customer"": ""@AmazonHelp Some of the \""X-Ray Lyrics\"" that accompany songs in the app are incorrect. When I spot these, is there a way for me to suggest changes?"", ""historical_reply"": ""@124168 Hmm. That's a good question! Let's see if we can get this reported with you in real time here: ^JZ"", ""similarity"": 0.16, ""case_id"": ""37631""}, {""customer"": ""@AmazonHelp Thanks for wasting my time and linking me to the US support page, i'm in the UK!!"", ""historical_reply"": ""@146893 Apologies you were provided the incorrect link there Adam. You can get in touch here: ^TI"", ""similarity"": 0.139, ""case_id"": ""136975""}]",refund_request,FALSE,,,,,,,,,,,refund_request,False,"Review the suggestion against customer_text, draft_reply, and evidence_json. Human fields must be independently entered.",
56935,AmazonHelp,56937,@128893 We'd like to view our options with you in real-time. Please reach out to us by phone here: ^GR,56937,128893,@AmazonHelp Is there any way i can get a refund ? Because i really meed this on release .,refund_request,56942,refund_request,0.607707821127499,ESCALATE,low intent confidence (0.61),Thanks for flagging this. I’m routing this to a support specialist so they can review the details securely.,"[{""customer"": ""@AmazonHelp Thanks! I need to use the item tomorrow so I can't really return the rest of it. Is there any way to get a partial refund?"", ""historical_reply"": ""@126079 We'd like to take a look into some available options with you. Please reach out to us here: ^TH"", ""similarity"": 0.256, ""case_id"": ""45533""}, {""customer"": ""@115821 @AmazonHelp is there a way i can receive a tracking number for the product i recently bought?"", ""historical_reply"": ""@134823 You can view your tracking details here: Please let us know if we can help with anything else. \ud83d\ude0a ^CO"", ""similarity"": 0.251, ""case_id"": ""86235""}, {""customer"": ""@116618 Hi, is there a reason why this line exists? Its on your new app for the Roku. Is there any way to fix it?"", ""historical_reply"": ""@131676 Thanks for making us aware! We are unable to see the line you are referring to in this image. Does the line appear when you are viewing specific content through Amazon Video? ^SH"", ""similarity"": 0.222, ""case_id"": ""69267""}]",refund_request,FALSE,,,,,,,,,,,refund_request,False,"Review the suggestion against customer_text, draft_reply, and evidence_json. Human fields must be independently entered.",
38809,AmazonHelp,38811,"@122363 I understand that this has not been a pleasant experience, Ramaseshan. Please reply to the email sent for more information. ^KS",38811,122363,"@115851 @115850 Amazon India can be rated as ""0"" for its service! Taking 60 days for a refund.",refund_request,38811,refund_request,0.7883885327173442,ESCALATE,weak historical match (0.20),Thanks for flagging this. I’m routing this to a support specialist so they can review the details securely.,"[{""customer"": ""@AmazonHelp still waiting for a refund..."", ""historical_reply"": ""@146145 I'm sorry, did you contact our customer service team here: ^SI"", ""similarity"": 0.199, ""case_id"": ""133767""}, {""customer"": ""@115850 #Amazon pay balance*"", ""historical_reply"": ""@144621 Hey Saleem, may I help you? ^SF"", ""similarity"": 0.191, ""case_id"": ""127453""}, {""customer"": ""From when Amazon India"", ""historical_reply"": ""@147327 Could you please elaborate on the issue for us to help you better? ^PB"", ""similarity"": 0.175, ""case_id"": ""139029""}]",refund_request,FALSE,,,,,,,,,,,refund_request,False,"Review the suggestion against customer_text, draft_reply, and evidence_json. Human fields must be independently entered.",
80533,AmazonHelp,80531,"@133883 I understand you're disappointed, Asif. I apologize about the experience you had with this order so far. We'd like to assist you. Kindly share your details through the link that was provided earlier so that we can take necessary action from our end. ^NK",80531,133883,"@AmazonHelp I am contacting Amazon since 28/11/2107 but no one helps me. I purchased a mobile on the said date, my Amazon Pay balance deducted but order cancelled, I am still waiting for refund",refund_request,80532,refund_request,0.461185000693563,ESCALATE,low intent confidence (0.46),Thanks for flagging this. I’m routing this to a support specialist so they can review the details securely.,"[{""customer"": ""@AmazonHelp still waiting for a refund..."", ""historical_reply"": ""@146145 I'm sorry, did you contact our customer service team here: ^SI"", ""similarity"": 0.289, ""case_id"": ""133767""}, {""customer"": ""@115850 #Amazon pay balance*"", ""historical_reply"": ""@144621 Hey Saleem, may I help you? ^SF"", ""similarity"": 0.242, ""case_id"": ""127453""}, {""customer"": ""@AmazonHelp I am still waiting for the product to be picked up and refund"", ""historical_reply"": ""@123653 Could you confirm if you've escalated this to our support team from the link provided earlier? ^SQ"", ""similarity"": 0.223, ""case_id"": ""35146""}]",refund_request,FALSE,,,,,,,,,,,refund_request,False,"Review the suggestion against customer_text, draft_reply, and evidence_json. Human fields must be independently entered.",
28898,AmazonHelp,28899,@122363 Sorry to know about the delay in refund. Kindly fill in your details here: and I'll look into it. ^NR,28899,122363,@115850 poor customer support and refund process take almost 2 months and still pending.,refund_request,28899,refund_request,0.6264364583404531,ESCALATE,low intent confidence (0.63); weak historical match (0.19); possible multi-issue message,Thanks for flagging this. I’m routing this to a support specialist so they can review the details securely.,"[{""customer"": ""@AmazonHelp Still no reply...my complaint is still pending"", ""historical_reply"": ""@121656 Apologies for the ordeal. Kindly reply to our correspondence here: and we'll check this further for you. ^VN"", ""similarity"": 0.192, ""case_id"": ""25901""}, {""customer"": ""@118919 I've received a tampered product...i want my refund asap.. i spent hour talking to your customer support and they were useless"", ""historical_reply"": ""@130706 I understand your concern regarding the refund. Please drop in your details here: and we will assist you. ^AH"", ""similarity"": 0.131, ""case_id"": ""64064""}, {""customer"": ""@AmazonHelp That\u2019s it? Pretty poor customer service all round then."", ""historical_reply"": ""@133881 Please contact us with the link provided so that we can investigate this further.^PJ"", ""similarity"": 0.129, ""case_id"": ""80526""}]",refund_request,FALSE,,,,,,,,,,,refund_request,False,"Review the suggestion against customer_text, draft_reply, and evidence_json. Human fields must be independently entered.",
111790,AmazonHelp,111792,@140831 I'm sorry for the experiences you've had thus far with this situation. Our team would like to take a closer look with you. Could you reach out to us here: so we can review the information with you? ^AZ,111792,140831,"@AmazonHelp I was told I was already refunded and that is it, then I tried explaining that I haven’t and he raised his voice and said that is it final warning , we can’t help you . I’m not sure what the warning was for but I just hung up after , worst service I ever dealt with",refund_request,111800,complaint,0.1831717168563258,ESCALATE,low intent confidence (0.18); weak historical match (0.15); possible multi-issue message,Thanks for flagging this. I’m routing this to a support specialist so they can review the details securely.,"[{""customer"": ""@AmazonHelp I ordered something that is Prime on 11/20. It's 11/30 and I still don't have it. And your customer service rep just hung up on me!!!"", ""historical_reply"": ""@136256 Hello, I'm sorry for the delay. What was the original delivery date you received in your confirmation email?"", ""similarity"": 0.155, ""case_id"": ""93468""}, {""customer"": ""@AmazonHelp I'm not sure is it UK. Here's the link:"", ""historical_reply"": ""@146398 Hi, this item is not able to be shipped to Singapore from Here is info on Shipping Restrictions: ^ES"", ""similarity"": 0.123, ""case_id"": ""134854""}, {""customer"": ""Not sure what time you have @115821 but it's 8:00 and no delivery, which was guaranteed."", ""historical_reply"": ""@130274 I'm sorry the order hasn't been delivered yet! What's the most recent tracking update on the order: Has a new delivery date been provided? ^EP"", ""similarity"": 0.122, ""case_id"": ""62308""}]",refund_request,FALSE,,,,,,,,,,,complaint,False,"Review the suggestion against customer_text, draft_reply, and evidence_json. Human fields must be independently entered.",
21532,AmazonHelp,21530,@120700 We would like to help you. Please share your details with us here: We'll get in touch shortly. Please don't provide your order details as we consider it personal information. Our twitter page is visible to public. ^CB,21530,120700,@AmazonHelp Kindly see this picture.. what kind of crap is this . I haven't received refund for this product.its been two months .,refund_request,21534,refund_request,0.524705116863862,ESCALATE,low intent confidence (0.52); weak historical match (0.19),Thanks for flagging this. I’m routing this to a support specialist so they can review the details securely.,"[{""customer"": ""@115850 I am facing a price bug. Not expected. What kind of scam is this."", ""historical_reply"": ""@127581 We're unable to access the link you've provided. Kindly help us with a correct link. ^SU"", ""similarity"": 0.187, ""case_id"": ""51599""}, {""customer"": ""@115850 Still can't delivery today even though it reached bANGLORE this morning. What kind of service is this ?"", ""historical_reply"": ""@133261 We've responded to your over DM kindly check the same. ^RB"", ""similarity"": 0.181, ""case_id"": ""77486""}, {""customer"": ""@AmazonHelp Haven't received anything!"", ""historical_reply"": ""@127580 It's not uncommon for items to ship and deliver on the same day. Let us know if you don't receive your order by 9:00pm. ^TK"", ""similarity"": 0.157, ""case_id"": ""51592""}]",refund_request,FALSE,,,,,,,,,,,refund_request,False,"Review the suggestion against customer_text, draft_reply, and evidence_json. Human fields must be independently entered.",
115895,AmazonHelp,115896,@141801 Thanks for the update Sandeep. Apologies again for the poor experience. ^TP,115896,141801,"@AmazonHelp The latest package I have not yet, been told it might come today and been given a refund as well. Although seems unfair that the seller should be impacted. Previous package did arrive early next morning after I had complained to. Customer services...",refund_request,115903,refund_request,0.3832998956606167,ESCALATE,low intent confidence (0.38); weak historical match (0.15); possible multi-issue message,Thanks for flagging this. I’m routing this to a support specialist so they can review the details securely.,"[{""customer"": ""@AmazonHelp Not yet...."", ""historical_reply"": ""@123487 Sorry to learn that, I\u2019d like to help you, please fill this form: and we\u2019ll contact you soon. ^SU"", ""similarity"": 0.15, ""case_id"": ""34550""}, {""customer"": ""@AmazonHelp Not yet."", ""historical_reply"": ""@149456 This is good feedback! I'm sorry your verification e-mails aren't arriving in a timely manner! Have you considered using the authenticator app or text messaging for your account authentication? For more information, visit us here: ^TK"", ""similarity"": 0.15, ""case_id"": ""147268""}, {""customer"": ""@AmazonHelp Well as expected my package did not arrive yesterday which was the original date given for delivery"", ""historical_reply"": ""@134316 I'm sorry about this! We want to be sure you are receiving your parcels when they are expected. Please reach out to us directly here so that we can take a look into this for you: We'd like to help! ^ZW"", ""similarity"": 0.148, ""case_id"": ""83348""}]",refund_request,FALSE,,,,,,,,,,,refund_request,False,"Review the suggestion against customer_text, draft_reply, and evidence_json. Human fields must be independently entered.",
78755,AmazonHelp,78756,"@133566 Sometimes unforeseen circumstances do occur, and I'm sorry for the delay! What insight or options did we provide when you spoke to us? Let us know! We'd like to help if we can. ^KN",78756,133566,@116090 4 failed email responses by your agents Want a refund on an item that was promised by nov 24 now won’t be here till dec 5 #fail,refund_request,78756,refund_request,0.5440527461639657,ESCALATE,low intent confidence (0.54); weak historical match (0.15),Thanks for flagging this. I’m routing this to a support specialist so they can review the details securely.,"[{""customer"": ""@AmazonHelp I was promised a full refund for an item but I have been not refunded postage"", ""historical_reply"": ""@125940 Thanks for reaching out, Tim- I'm sorry for any trouble! We'd like to look into this with you. What was the reason for the return? Let us know! ^BL"", ""similarity"": 0.149, ""case_id"": ""44928""}, {""customer"": ""@AmazonHelp This is a reorder of an item that got destroyed (resolved) and I just got the email saying the new package would be here two days ago."", ""historical_reply"": ""@139204 Interesting... Was the 28th the date provided at checkout? ^VF"", ""similarity"": 0.139, ""case_id"": ""105031""}, {""customer"": ""@115821 when I pay $8 extra for an item arrive on thursday, and then it wont get here till friday, shouldnt i recieve a refund for that $8?"", ""historical_reply"": ""@137870 I'm sorry your order was delayed! We'd like to look into available options with you by phone or chat here: ^VS"", ""similarity"": 0.137, ""case_id"": ""99876""}]",refund_request,FALSE,,,,,,,,,,,refund_request,False,"Review the suggestion against customer_text, draft_reply, and evidence_json. Human fields must be independently entered.",
80538,AmazonHelp,80536,"@133883 If debited, they'll be refunded back to you by your bank itself within 2-4 business days. Please feel free to revise the payment if you are getting a prompt for it so that the order can be placed. ^NR 3/3",80536,133883,@AmazonHelp How this order got cancelled for 'payment declined' reason where my Amazon Pay Balance was 9300 (2500 in money &amp; 6800 in Gifts and Credit )at the time of order and 8999 was deducted? Even no refund made till now for Gifts &amp; Credit money (Rs. 6800). It's simple fraud by Amazon.,security_privacy,80532,billing_charge,0.334171321452753,ESCALATE,billing_charge is high-risk; low intent confidence (0.33); weak historical match (0.20); possible multi-issue message,Thanks for flagging this. I’m routing this to a support specialist so they can review the details securely.,"[{""customer"": ""@115850 #Amazon pay balance*"", ""historical_reply"": ""@144621 Hey Saleem, may I help you? ^SF"", ""similarity"": 0.199, ""case_id"": ""127453""}, {""customer"": ""@AmazonHelp I never received an alert that my Amazon pay balance was about to expire."", ""historical_reply"": ""@121656 We send an alert 15 and 30 days prior to the expiration to your registered email ID, please check. ^HA"", ""similarity"": 0.168, ""case_id"": ""25923""}, {""customer"": ""@115850 i ordered Boya BY M1 microphones &amp; paid online threw my amazon pay balance &amp; at the time of taking delivery it looked tempered as you can see worst! experience with you never buy anything from amazon this is second time i ordered it but still got nothing poor service"", ""historical_reply"": ""@133295 Sorry to know that your recent experience wasn't on par with your expectation. I've noted your comments and forwarded your feedback internally to be worked upon. Please don't provide the tracking details, we consider it personal info. Our page is visible to public.^SY"", ""similarity"": 0.148, ""case_id"": ""77634""}]",refund_request,FALSE,,,,,,,,,,,billing_charge,False,"Review the suggestion against customer_text, draft_reply, and evidence_json. Human fields must be independently entered.",
111776,AmazonHelp,111778,@140408 Please get in touch with us here: as this team is specifically trained to assist with your specific inquiry. ^EZ,111778,140408,"No, I have not received any email from your account specialist, or anyone else, and I didn’t received a called back either. I am appalled by the response of @115821 to the hacking of my credit card",security_privacy,111778,billing_charge,0.4199248712493799,ESCALATE,billing_charge is high-risk; low intent confidence (0.42); possible multi-issue message,Thanks for flagging this. I’m routing this to a support specialist so they can review the details securely.,"[{""customer"": ""@AmazonHelp I am saying again that I have not received any email to my registered email ID."", ""historical_reply"": ""@146160 We've emailed you here: Kindly check. ^SY"", ""similarity"": 0.228, ""case_id"": ""133858""}, {""customer"": ""@AmazonHelp I have not received any mail s from your end. My mail I'd is __email__"", ""historical_reply"": ""@131812 We have sent you mail correspondence to your registered e-mail address; you may check this here: Also, please don't provide your order details, we consider it to be personal information. Our page is visible to the public. ^VH"", ""similarity"": 0.2, ""case_id"": ""69811""}, {""customer"": ""@AmazonHelp I have not received my refund .."", ""historical_reply"": ""@144768 I get your concern regarding your refund, Dr.Kumar. Could you please confirm if you've received a correspondence from our team here: ^MN"", ""similarity"": 0.2, ""case_id"": ""128035""}]",security_privacy,FALSE,,,,,,,,,,,billing_charge,False,"Review the suggestion against customer_text, draft_reply, and evidence_json. Human fields must be independently entered.",
83377,AmazonHelp,83376,"@134321 That's quite a remark! Apologies for the unpleasant experience you had with us. Our team is working on this. Please allow some time, we'll get back to you. Also, I've noted your comments and will forward this feedback internally. ^SC",83376,134321,@AmazonHelp Your customer executive was extremely rude and kept on insulting and disconnected the call when I told her to provide me whatever confirmation she is giving me on call in written. Why are you guys so afraid to give something in written? Fraudsters !!!,security_privacy,83366,information_request,0.2731211963334298,ESCALATE,low intent confidence (0.27); weak historical match (0.12); possible multi-issue message,Thanks for flagging this. I’m routing this to a support specialist so they can review the details securely.,"[{""customer"": ""@AmazonHelp sir can I expect a customer care executive on call"", ""historical_reply"": ""@145371 You can request a call back from our support team by following the below path. Click on the link here: &gt; Login to your Amazon.in account &gt; Under 'Tell us more about your issue', select 'More order issues' &gt; 1/2 ^SC"", ""similarity"": 0.121, ""case_id"": ""130233""}, {""customer"": ""@AmazonHelp Your customer service and still no delivery"", ""historical_reply"": ""@142147 I'd like to have a member of our team look into this for you. Please provide details here: ^JF"", ""similarity"": 0.11, ""case_id"": ""117904""}, {""customer"": ""@AmazonHelp Call.me on 9971117099"", ""historical_reply"": ""@145540 As this is a social media platform, we can't view your account/order details. Hence, request you to please send the details from the link shared above or request a call back from the link here: to assist further. ^HR"", ""similarity"": 0.107, ""case_id"": ""130842""}]",complaint,FALSE,,,,,,,,,,,information_request,False,"Review the suggestion against customer_text, draft_reply, and evidence_json. Human fields must be independently entered.",
141094,AmazonHelp,141093,"@147589 I understand your concern regarding the delay with the refund of your order. However, I'd request you to respond to the email sent by our team for further assistance. ^KH",141093,147589,"@AmazonHelp @115821 @1402 @8105 @1840 @AmazonHelp. That's even greater achievement that u guys showing me. U don't even know my concern. My concern is, why? Fooled? Why Fraud Offers? Why wrong tracking info with a correct DTDC AWB? Why kept my money for this long?",security_privacy,140023,security_privacy,0.3298767948062726,ESCALATE,security_privacy is high-risk; low intent confidence (0.33); weak historical match (0.16),Thanks for flagging this. I’m routing this to a support specialist so they can review the details securely.,"[{""customer"": ""@AmazonHelp My concern is When my package arrived in correct city-delhi in first time then why it's moved to wrong non delivery city-haryana. Explain it"", ""historical_reply"": ""@124276 Please do not worry, the packages move according to the fulfillment center. It will be delivered as per estimates. ^HN"", ""similarity"": 0.161, ""case_id"": ""38108""}, {""customer"": ""@AmazonHelp that is why i have provides my order ID."", ""historical_reply"": ""@134352 I'd like to have a closer look into this for further assistance. Would you mind sharing the required details, here: Please don\u2019t provide your details as we consider them to be personal information. Our Twitter page is visible to public. ^YP"", ""similarity"": 0.16, ""case_id"": ""83539""}, {""customer"": ""@AmazonHelp I wanted the mobile on 22nd and that is why spent 1000 more to get prime account.. and that got wasted. This is my concern"", ""historical_reply"": ""@144362 Certainly not the kind of experience we'd want you to have. As you've reported the issue to our support team, you'll be getting an update soon. Also, I've noted your comments and have forwarded your feedback internally. ^MO"", ""similarity"": 0.156, ""case_id"": ""126356""}]",complaint,FALSE,,,,,,,,,,,security_privacy,False,"Review the suggestion against customer_text, draft_reply, and evidence_json. Human fields must be independently entered.",
13901,AmazonHelp,13903,@118921 I'm so sorry! We'd like to look into our available options. Please reach us here: ^AG,13903,118921,I lose faith in humanity on days like this. My friend sends me a 🎁 from @115821 after a crappy week and I come home and it’s been stolen.,security_privacy,13903,security_privacy,0.2345180646485195,ESCALATE,security_privacy is high-risk; low intent confidence (0.23); weak historical match (0.15); possible multi-issue message,Thanks for flagging this. I’m routing this to a support specialist so they can review the details securely.,"[{""customer"": ""@AmazonHelp 1 to 2 week and ........?"", ""historical_reply"": ""@132984 Be assured that our specialist team will get in touch with you once they have reviewed your account. ^BV"", ""similarity"": 0.154, ""case_id"": ""75861""}, {""customer"": ""@115821 why do I pay for 2 day shipping and it's going on 4 days."", ""historical_reply"": ""@117499 (2/2) If we\u2019ve missed the date in our order confirmation e-mail, please let us know here: ^WT"", ""similarity"": 0.146, ""case_id"": ""8537""}, {""customer"": ""@AmazonHelp It's been 9 days now."", ""historical_reply"": ""@126321 Sorry to know you're yet to receive your refund, kindly connect with us here: We'll look into it. ^PS"", ""similarity"": 0.125, ""case_id"": ""47941""}]",delivery_status,FALSE,,,,,,,,,,,security_privacy,False,"Review the suggestion against customer_text, draft_reply, and evidence_json. Human fields must be independently entered.",
107329,AmazonHelp,107327,@139837 Oh my! I'm sorry for the trouble! We'd like to help if we can. We don't have access to your account via Twitter. Please reach out to us here: ^MO,107327,139837,@AmazonHelp Yes. All week. Utterly useless. Two now been stolen,security_privacy,107328,other,0.3080750598635097,ESCALATE,low intent confidence (0.31),Thanks for flagging this. I’m routing this to a support specialist so they can review the details securely.,"[{""customer"": ""@AmazonHelp Yes"", ""historical_reply"": ""@121290 Kindly contact our team here: and we'll have this checked. ^GK"", ""similarity"": 0.287, ""case_id"": ""24537""}, {""customer"": ""@AmazonHelp Yes"", ""historical_reply"": ""@122371 You may check it out here: Do let us know for any further query. ^AM"", ""similarity"": 0.287, ""case_id"": ""28960""}, {""customer"": ""@AmazonHelp Yes"", ""historical_reply"": ""@135817 Please keep us updated, Brady! If it hasn't arrived by the new estimated delivery date let us know. ^LA"", ""similarity"": 0.287, ""case_id"": ""91425""}]",delivery_status,FALSE,,,,,,,,,,,other,False,"Review the suggestion against customer_text, draft_reply, and evidence_json. Human fields must be independently entered.",
132454,AmazonHelp,115888,@141801 Did you get a chance to fill out your details in the link previously provided so that we can investigate this for you? ^PJ,115888,141801,"@AmazonHelp Thank you for stealing my money, I am now £200 out of pocket because your courier has stolen my parcel, and you are not doing anything about than wasting my time!!! #conartists @115851",security_privacy,115903,security_privacy,0.2308082503715307,ESCALATE,security_privacy is high-risk; low intent confidence (0.23); possible multi-issue message,Thanks for flagging this. I’m routing this to a support specialist so they can review the details securely.,"[{""customer"": ""@AmazonHelp Thank you!"", ""historical_reply"": ""@147820 Glad we were able to help so swiftly. Have a great day! ^BD"", ""similarity"": 0.237, ""case_id"": ""141076""}, {""customer"": ""@AmazonHelp Thank you"", ""historical_reply"": ""@123349 You're more than welcome! Let us know if we can assist with anything else! ^KN"", ""similarity"": 0.237, ""case_id"": ""33226""}, {""customer"": ""@AmazonHelp Thank you."", ""historical_reply"": ""@146920 You're welcome! I hope our team were able help. ^HS"", ""similarity"": 0.237, ""case_id"": ""137118""}]",delivery_status,FALSE,,,,,,,,,,,security_privacy,False,"Review the suggestion against customer_text, draft_reply, and evidence_json. Human fields must be independently entered.",
133679,AmazonHelp,133682,"@146136 So sorry to hear this! That's definitely not what we expect of a delivery. In this case, can you provide your information here so that we can check into options to get this fixed with you directly: ^GS",133682,146136,"@AmazonHelp That ""possibly"" the delivery was marked in error But I heard a weird clonking noise at 2pm , when I came down however , there was nothing. I'm worried it's been ditched or stolen DPD and Hermes have thrown my parcels in my bin before.it's not a delivery box, it a bin.",security_privacy,133686,delivery_status,0.4695314695048171,ESCALATE,low intent confidence (0.47); weak historical match (0.13); possible multi-issue message,Thanks for flagging this. I’m routing this to a support specialist so they can review the details securely.,"[{""customer"": ""@AmazonHelp it\u2019s updated since i last looked. before it was only giving me an order history and when clicking on items there was nothing to select re: returning, now i can access this."", ""historical_reply"": ""@147815 Pick the most applicable reason for the return, such as \""The item is damaged\"" and go from there. You should have the option to return the item for the purchase price or receive a replacement if the item was sold by Amazon as you stated. Thank you! ^WB"", ""similarity"": 0.133, ""case_id"": ""141046""}, {""customer"": ""@AmazonHelp possibly the worst customer service of all time"", ""historical_reply"": ""@143189 I'm sorry, JJ! We're here to help! Without revealing account information, please tell us what's happened. ^SE"", ""similarity"": 0.118, ""case_id"": ""122000""}, {""customer"": ""@AmazonHelp Undeliverable. Which makes no sense because my first package was easily delivered at 2pm but this one wasn't at 6pm?"", ""historical_reply"": ""@120923 My apologies Erin. Has any re-delivery attempt information been provided? ^DC"", ""similarity"": 0.11, ""case_id"": ""22537""}]",delivery_status,FALSE,,,,,,,,,,,delivery_status,False,"Review the suggestion against customer_text, draft_reply, and evidence_json. Human fields must be independently entered.",
109865,AmazonHelp,109864,"@140392 Apologies, Dheeraj. We'd like to have a closer look at this. Kindly drop in your details here: and we'll reach out to you. Please don't provide your order details as we consider it personal information.Our twitter page is visible to public.^NK",109864,140392,@AmazonHelp @115850 Trying reaching amazon customer care since last 3 weeks regarding order 408-3616751-7832318. Tried through email and call but no response. Tried in app help but no relevant option. @115851 #amazon #unhappy #fraud,security_privacy,109855,security_privacy,0.3231106698061561,ESCALATE,security_privacy is high-risk; low intent confidence (0.32); possible multi-issue message,Thanks for flagging this. I’m routing this to a support specialist so they can review the details securely.,"[{""customer"": ""@AmazonHelp I already did but no response"", ""historical_reply"": ""@125706 Was the order placed on Amazon.in or ? ^MK"", ""similarity"": 0.2, ""case_id"": ""43737""}, {""customer"": ""@AmazonHelp 24 hrs tat was given on written mail on 29th Oct to receive a call but no response since last 60 hrs.Hence we say quality of Amazon has gone"", ""historical_reply"": ""@118505 If you had replied to the email, you must've received a correspondence from us, Darshan. Please check. ^HD"", ""similarity"": 0.153, ""case_id"": ""12515""}, {""customer"": ""@AmazonHelp No option of call with customer care"", ""historical_reply"": ""@120469 If you're unable to arrange a call back, kindly contact our support team using the chat/email option and we'll help you. ^ZH"", ""similarity"": 0.139, ""case_id"": ""20446""}]",complaint,FALSE,,,,,,,,,,,security_privacy,False,"Review the suggestion against customer_text, draft_reply, and evidence_json. Human fields must be independently entered.",
141109,AmazonHelp,141108,@147589 I understand your concern regarding the A-z claim. If the claim is granted for a canceled order it refers to the refund/ replacement being initiated. We've sent a correspondence regarding the same here: Kindly check. ^BV,141108,147589,@AmazonHelp @115821 @1402 @8105 @1840 @AmazonHelp It looks Like #you_know_nothing_johnsnow. Go with past few tweets atleast then reply. And also check the date of the email its 22/11 what the seller was granting me if order was cancelles? #fraudAmazon,security_privacy,140023,information_request,0.169098630666023,ESCALATE,low intent confidence (0.17); weak historical match (0.14); possible multi-issue message,Thanks for flagging this. I’m routing this to a support specialist so they can review the details securely.,"[{""customer"": ""@AmazonHelp All my orders came in but it looks like I'm returning this duvet cover. Looks like a burn hole in it."", ""historical_reply"": ""@143570 I'm sorry it arrived damaged! You can request a return label and find the available refund or replacement options here: ^SB"", ""similarity"": 0.142, ""case_id"": ""123413""}, {""customer"": ""@AmazonHelp I have replied to the mail also check it and provide some useful reply"", ""historical_reply"": ""@119794 Thank you for confirming. You should hear an update from us soon. Keep an eye on your mailbox. ^MP"", ""similarity"": 0.122, ""case_id"": ""17233""}, {""customer"": ""@AmazonHelp I have replied dozen of times first check then reply. So silly"", ""historical_reply"": ""@118505 Thanks for writing back to us. Our specialist team will contact you with an update on your issue soon. Please wait. ^ZH"", ""similarity"": 0.109, ""case_id"": ""12538""}]",complaint,FALSE,,,,,,,,,,,information_request,False,"Review the suggestion against customer_text, draft_reply, and evidence_json. Human fields must be independently entered.",
37624,AmazonHelp,37625,"@124166 Oh no! So sorry for the frustration, Jennifer! You can contact us, without signing in, here: ^AD",37625,124166,"Help @AmazonHelp! My Amazon Prime biz acct was hacked. Someone reset email address, and I can't sign in to report it.",security_privacy,37625,account_access,0.2905616293651744,ESCALATE,account_access is high-risk; low intent confidence (0.29); weak historical match (0.18); possible multi-issue message,Thanks for flagging this. I’m routing this to a support specialist so they can review the details securely.,"[{""customer"": ""@AmazonHelp I was told I'd receive an email to reset my password since my account was hacked and 5 phone calls later nothing."", ""historical_reply"": ""@122588 Have you checked your junk/spam folders to make sure the e-mails aren't getting filtered out? ^MJ"", ""similarity"": 0.178, ""case_id"": ""29943""}, {""customer"": ""@AmazonHelp I think someone got into my account as I got this email and can no longer sign in. How can I change this?"", ""historical_reply"": ""@120036 We're here to help! Please contact us by phone at this link (no sign-in required) so that a member of our team can assist you directly: ^SE"", ""similarity"": 0.177, ""case_id"": ""126757""}, {""customer"": ""@AmazonHelp It looks as though someone has changed the email address linked to my acct &amp; I can no longer log in. Help!"", ""historical_reply"": ""@117632 We're here to help! Please, reach us phone or e-mail so we can investigate: ^EB"", ""similarity"": 0.163, ""case_id"": ""9129""}]",security_privacy,FALSE,,,,,,,,,,,account_access,False,"Review the suggestion against customer_text, draft_reply, and evidence_json. Human fields must be independently entered.",
73572,AmazonHelp,73574,@132453 Sorry to hear your email account has been hacked. Please reach out to us here: so we can assist you further.^ES,73574,132453,"@115830 If an e mail account has been hacked and can't be accessed, how else can you retrieve the link to reset Amazon password?",security_privacy,73574,security_privacy,0.3641650088062044,ESCALATE,security_privacy is high-risk; low intent confidence (0.36); possible multi-issue message,Thanks for flagging this. I’m routing this to a support specialist so they can review the details securely.,"[{""customer"": ""@AmazonHelp I was told I'd receive an email to reset my password since my account was hacked and 5 phone calls later nothing."", ""historical_reply"": ""@122588 Have you checked your junk/spam folders to make sure the e-mails aren't getting filtered out? ^MJ"", ""similarity"": 0.215, ""case_id"": ""29943""}, {""customer"": ""@AmazonHelp Still not working. They sent me a link to reset the password, try and sign in with new password and still locked out."", ""historical_reply"": ""@116932 Did information get sent to our Accounts Specialists to look into when you contacted in? ^DO"", ""similarity"": 0.17, ""case_id"": ""5312""}, {""customer"": ""@AmazonHelp Hi Amazon, do you have an e-mail address I could send an e-mail to regarding a return?"", ""historical_reply"": ""@125695 Thanks for reaching out to us! You can do returns here: Please let us know if any other assistance is needed. ^MO"", ""similarity"": 0.153, ""case_id"": ""43706""}]",security_privacy,FALSE,,,,,,,,,,,security_privacy,False,"Review the suggestion against customer_text, draft_reply, and evidence_json. Human fields must be independently entered.",
74580,AmazonHelp,74583,"@132443 That's quite a comment, we'd like to take a closer look into this. Please drop in your details here: and we'll look into this. ^SU",74583,132443,@AmazonHelp @115850 Going forward please put a disclaimer on your app that a customer might receive trash instead of the product ordered. And also that resolution of the fraud would take forever with the most bureaucratic processes.,security_privacy,73543,security_privacy,0.4051812312254307,ESCALATE,security_privacy is high-risk; low intent confidence (0.41); weak historical match (0.14); possible multi-issue message,Thanks for flagging this. I’m routing this to a support specialist so they can review the details securely.,"[{""customer"": ""Order No: 171-3705259-1179509 I have received stone in my delivery box instead of the product which I ordered and amazon specialist team said go to hell after committing me the refund today. @115850 @115851 @AmazonHelp"", ""historical_reply"": ""@133015 Please don't provide your order details, we consider it to be personal information. Our page is visible to the public. 2/2 ^HS"", ""similarity"": 0.14, ""case_id"": ""76030""}, {""customer"": ""@AmazonHelp I want replacement of the product. With original product! I have written your. Customer service team"", ""historical_reply"": ""@131812 If you've replied to our email, we'll surely have a closer look at your insight and will reach out to you with an update. Appreciate your patience until then. ^HS"", ""similarity"": 0.128, ""case_id"": ""69793""}, {""customer"": ""@1402 @AmazonHelp can you guys stop the harassment and send me the product I ordered?"", ""historical_reply"": ""@120780 We're following up with your query here: Please refer. ^GS"", ""similarity"": 0.126, ""case_id"": ""21965""}]",product_issue,FALSE,,,,,,,,,,,security_privacy,False,"Review the suggestion against customer_text, draft_reply, and evidence_json. Human fields must be independently entered.",
49918,AmazonHelp,49919,@127181 We'd like to help get this looked into for you. Please reach out to us by phone at this link here: ^VS,49919,127181,@AmazonHelp someone hacked onto my amazon account and changed the email and password what do i do????,security_privacy,49919,account_access,0.3238010705273509,ESCALATE,account_access is high-risk; low intent confidence (0.32); possible multi-issue message,Thanks for flagging this. I’m routing this to a support specialist so they can review the details securely.,"[{""customer"": ""@AmazonHelp someone has used my email address for their amazon account, what do I do?"", ""historical_reply"": ""@124294 Sorry for the trouble! Please reach out through the link and provide as much detail as possible: ^TG"", ""similarity"": 0.353, ""case_id"": ""38176""}, {""customer"": ""@AmazonHelp how do u do that?"", ""historical_reply"": ""@130242 To restart your device, please unplug it/plug it back in; this will reboot the system. More info: ^BE"", ""similarity"": 0.204, ""case_id"": ""62187""}, {""customer"": ""@115850 worst service ever! Order not even delivered and changed the status to \u201cOrder Delivered\u201d"", ""historical_reply"": ""@147143 That's unusual, orders are delivered to the customer as per tracking update. I apologize for the incorrect tracking update on your order, kindly report this to our support team here: and we will get this sorted. ^VH"", ""similarity"": 0.188, ""case_id"": ""138268""}]",security_privacy,FALSE,,,,,,,,,,,account_access,False,"Review the suggestion against customer_text, draft_reply, and evidence_json. Human fields must be independently entered.",
131766,AmazonHelp,131768,@145711 I understand how worrisome this incident with the mobile phone can be. Let us investigate this further. Please provide your details here: &amp; we'll assist you. ^SF,131768,145711,@AmazonHelp I had reported on your support page but still no response is there. You are fooling customers. Is this is your way to dealing the customer and frauding.,security_privacy,131772,information_request,0.2483073982395622,ESCALATE,low intent confidence (0.25); weak historical match (0.17); possible multi-issue message,Thanks for flagging this. I’m routing this to a support specialist so they can review the details securely.,"[{""customer"": ""@AmazonHelp Hi there, still no response from anyone!"", ""historical_reply"": ""@131814 Sorry to hear that, Julianne. Can I ask if you emailed us, or reached out by phone or Live Chat?^TI"", ""similarity"": 0.168, ""case_id"": ""69838""}, {""customer"": ""@115850 What is this ?? Is this the way you treat your customers?? Seriously, I want an answer from you"", ""historical_reply"": ""@118924 don't provide your order details, as we consider it to be personal information. Our Twitter page is public. 4/4\u200b ^EM"", ""similarity"": 0.154, ""case_id"": ""13911""}, {""customer"": ""@116618 Hi, is there a reason why this line exists? Its on your new app for the Roku. Is there any way to fix it?"", ""historical_reply"": ""@131676 Thanks for making us aware! We are unable to see the line you are referring to in this image. Does the line appear when you are viewing specific content through Amazon Video? ^SH"", ""similarity"": 0.152, ""case_id"": ""69267""}]",complaint,FALSE,,,,,,,,,,,information_request,False,"Review the suggestion against customer_text, draft_reply, and evidence_json. Human fields must be independently entered.",
141096,AmazonHelp,141095,"@147589 In case the resolution provided on email by our Social Media team isn't up to your expectation, feel free to write back on the same. We'll get your situation reviewed accordingly. Appreciate your cooperation. ^KH",141095,147589,"@AmazonHelp @115821 @1402 @8105 @1840 @AmazonHelp. Let me repeat. My concern is, why Fooled? Why Fraud Offers? Why wrong tracking info with a correct DTDC AWB? Why kept my money for this long? Dont try to modify my own concerns sounds like u trying to hide.",security_privacy,140023,security_privacy,0.3175774045907145,ESCALATE,security_privacy is high-risk; low intent confidence (0.32); weak historical match (0.16),Thanks for flagging this. I’m routing this to a support specialist so they can review the details securely.,"[{""customer"": ""@115821 still hasn\u2019t taken my money for my order! WHY"", ""historical_reply"": ""@122906 Sorry for any troubles caused! What is the latest order status showing here: ? ^TH"", ""similarity"": 0.16, ""case_id"": ""31333""}, {""customer"": ""@AmazonHelp Let's hope"", ""historical_reply"": ""@143382 Appreciate your understanding, Jay. We'll ensure to close your concern at the earliest. ^MK"", ""similarity"": 0.148, ""case_id"": ""122711""}, {""customer"": ""@AmazonHelp My concern is When my package arrived in correct city-delhi in first time then why it's moved to wrong non delivery city-haryana. Explain it"", ""historical_reply"": ""@124276 Please do not worry, the packages move according to the fulfillment center. It will be delivered as per estimates. ^HN"", ""similarity"": 0.139, ""case_id"": ""38108""}]",complaint,FALSE,,,,,,,,,,,security_privacy,False,"Review the suggestion against customer_text, draft_reply, and evidence_json. Human fields must be independently entered.",
69786,AmazonHelp,69787,@131809 Sorry to know you've received an empty box. It is never our intention to cause inconvenience to you. Please report it here: &amp; we'll take necessary actions to make things right.^AR,69787,131809,"Amazon.in is the biggest fraud in this country guys boycott this company they are cheating us by delivering empty boxes and not even giving the refund for this , i will upload the cctv camera footage of my house and show it to everyone @AmazonHelp",security_privacy,69787,refund_request,0.3611699428928515,ESCALATE,low intent confidence (0.36); weak historical match (0.12); possible multi-issue message,Thanks for flagging this. I’m routing this to a support specialist so they can review the details securely.,"[{""customer"": ""@116618 When you will upload jailavakusa movie in Amazon prime"", ""historical_reply"": ""@132132 We do not have an announcement yet. Kindly stay tuned for an update. ^BV"", ""similarity"": 0.12, ""case_id"": ""71906""}, {""customer"": ""@AmazonHelp I checked and but there is no proper response, thing is if you are not delivering products with provided data and time in amazon.in why you are attracting customers by putting false time are cheating Customers."", ""historical_reply"": ""@129216 Sorry about the miss of estimated delivery date. We never intended this delay. Please share your details here: I'll reach out to you with further assistance. ^SV"", ""similarity"": 0.116, ""case_id"": ""58199""}, {""customer"": ""@AmazonHelp Also is there a way to have my orders delivered by another firm in the future? I do not want to have my items delivered by this company as they are nothing a nightmare."", ""historical_reply"": ""@141802 Options to contact myHermes can be found here: Unfortunately, we cannot specify a carrier for orders. Were you able to rovide carrier feedback to the shipping department during the previous contact? ^SH"", ""similarity"": 0.111, ""case_id"": ""115908""}]",product_issue,FALSE,,,,,,,,,,,refund_request,False,"Review the suggestion against customer_text, draft_reply, and evidence_json. Human fields must be independently entered.",
141111,AmazonHelp,141110,@147589 Our team has reviewed on the issue and has sent the correspondence to your registered email address. Kindly check the email and reply to it with your insight for further assistance. ^PR,141110,147589,@AmazonHelp @115821 @1402 @8105 @1840 @AmazonHelp Playing around ha? #FraudAmazon. Seems you've been given some templates that u keep on following right? :D You guys appear to be helpless.,security_privacy,140023,information_request,0.1993779242775933,ESCALATE,low intent confidence (0.20); weak historical match (0.14),Thanks for flagging this. I’m routing this to a support specialist so they can review the details securely.,"[{""customer"": ""@AmazonHelp And I'm on the phone with you guys right now. :)"", ""historical_reply"": ""@135279 Thanks for letting us know. Please keep us updated with the outcome. ^LI"", ""similarity"": 0.139, ""case_id"": ""89108""}, {""customer"": ""@1402 @AmazonHelp can you guys stop the harassment and send me the product I ordered?"", ""historical_reply"": ""@120780 We're following up with your query here: Please refer. ^GS"", ""similarity"": 0.129, ""case_id"": ""21965""}, {""customer"": ""@AmazonHelp @115850 Help, here you don't appear to be helping me with the issue. You are saying same what your Guys have told me earlier. Can you assure me that in next sale I will be able to book that handset? I have booked one on 22nd Nov. and I just want that to be delivered to me."", ""historical_reply"": ""@147134 I understand your concern about placing another order in the flash sale. We'll be glad to help you. Kindly share your details here: and we'll get this fixed. ^SC"", ""similarity"": 0.129, ""case_id"": ""138237""}]",complaint,TRUE,,,,,,,,,,,information_request,False,"Review the suggestion against customer_text, draft_reply, and evidence_json. Human fields must be independently entered.",
25280,AmazonHelp,25281,@121467 I'm so sorry for the frustrating experience! Have you reached us directly for your options: ^DW,25281,121467,@115821 you have NEVER let me down. The one time I need a package on time you fail me.,service_outage,25281,service_outage,0.3101763948202422,ESCALATE,low intent confidence (0.31); weak historical match (0.14),Thanks for flagging this. I’m routing this to a support specialist so they can review the details securely.,"[{""customer"": ""Another night. Another non-delivery. Another useless \u2018chat\u2019 conversation with false promises and excuses. @115830 - you have let me down yet again. Your promises are full of shit. #whereismybloodystuff"", ""historical_reply"": ""@119301 Oh no! I'm so sorry we've let you down! Were we able to offer any options when you reached out? ^JO"", ""similarity"": 0.141, ""case_id"": ""15140""}, {""customer"": ""@116316, why you ALWAYS do this to me? I like you so much. don't bring me down :'("", ""historical_reply"": ""@139833 Hi,he final date is calculated by confirming your delivery address in the order process. I will forward your feedback regarding the user experience! Regards ^MI"", ""similarity"": 0.139, ""case_id"": ""107309""}, {""customer"": ""Not sure what time you have @115821 but it's 8:00 and no delivery, which was guaranteed."", ""historical_reply"": ""@130274 I'm sorry the order hasn't been delivered yet! What's the most recent tracking update on the order: Has a new delivery date been provided? ^EP"", ""similarity"": 0.137, ""case_id"": ""62308""}]",delivery_status,FALSE,,,,,,,,,,,service_outage,False,"Review the suggestion against customer_text, draft_reply, and evidence_json. Human fields must be independently entered.",
136214,AmazonHelp,136215,@146695 Looks like your Amazon Prime Videos account is facing some technical issues. Please call us here: &amp; we'll get this sorted. ^SF,136215,146695,@119625 I have downloaded movies in Amazon prime video android app the day before yesterday. I opened my app yesterday I shocked. Downloaded section shows nothing. I don't know What have gone wrong? Please help me to fix the issue. Still nothing shows,service_outage,136215,information_request,0.1935432343110802,ESCALATE,low intent confidence (0.19); weak historical match (0.18),Thanks for flagging this. I’m routing this to a support specialist so they can review the details securely.,"[{""customer"": ""@AmazonHelp Still nothing"", ""historical_reply"": ""@116058 Hi, we'll be in touch with an update as soon as possible. Apologies for the wait. ^TS"", ""similarity"": 0.182, ""case_id"": ""80579""}, {""customer"": ""hello Amazon help me my prime video not working please help @115850 @AmazonHelp"", ""historical_reply"": ""@136303 We apologize for the hassle. Kindly connect with us here: and we'll assist you accordingly. VH"", ""similarity"": 0.152, ""case_id"": ""93665""}, {""customer"": ""@AmazonHelp is the prime video app available for Android devices"", ""historical_reply"": ""@128086 You can view all available platforms for Amazon Video here: ^VB"", ""similarity"": 0.144, ""case_id"": ""53498""}]",product_issue,TRUE,,,,,,,,,,,information_request,False,"Review the suggestion against customer_text, draft_reply, and evidence_json. Human fields must be independently entered.",
134901,AmazonHelp,134903,"@146409 Hey Phil, we have Amazon Logistics support who would then contact the courier directly to find out where exactly was your parcel left. You'll get an email within the next 24 hours with their response.^MA",134903,146409,"@AmazonHelp Thank you; I've contacted Amazon Logistics, who said they'd contacted the courier (aren't they the courier?), but to give it 24 hrs to track it down. Just seems odd.",service_outage,134906,delivery_status,0.1887151487245414,ESCALATE,low intent confidence (0.19); possible multi-issue message,Thanks for flagging this. I’m routing this to a support specialist so they can review the details securely.,"[{""customer"": ""@AmazonHelp Thank you"", ""historical_reply"": ""@123349 You're more than welcome! Let us know if we can assist with anything else! ^KN"", ""similarity"": 0.235, ""case_id"": ""33226""}, {""customer"": ""@AmazonHelp Thank you!"", ""historical_reply"": ""@147820 Glad we were able to help so swiftly. Have a great day! ^BD"", ""similarity"": 0.235, ""case_id"": ""141076""}, {""customer"": ""@AmazonHelp Thank you."", ""historical_reply"": ""@130698 It is always our pleasure. Do let us know for any further concern. ^AM"", ""similarity"": 0.235, ""case_id"": ""64159""}]",delivery_status,FALSE,,,,,,,,,,,delivery_status,False,"Review the suggestion against customer_text, draft_reply, and evidence_json. Human fields must be independently entered.",
26919,AmazonHelp,26920,"@121893 I'm sorry that we've let you down. Without any personal or account information, can you tell us what happened? ^TR",26920,121893,Last time I pre order anything from @115830 infact you have gone massively downhill recently. Rather pay high street prices. #lostcustom,service_outage,26920,information_request,0.1739911629589617,ESCALATE,low intent confidence (0.17); weak historical match (0.14),Thanks for flagging this. I’m routing this to a support specialist so they can review the details securely.,"[{""customer"": ""I don't know if I want to order anything from @115821 for Black Friday this year considering they have delivered my last 3 packages to the wrong apartment building, two of which were really expensive"", ""historical_reply"": ""@144759 I'm sorry two packages were delivered to the wrong address! Were you able to report this to us: If so, what options were we able to offer? ^EP"", ""similarity"": 0.14, ""case_id"": ""127936""}, {""customer"": ""@AmazonHelp It's almost 12h I haven't heard anything from Amazon"", ""historical_reply"": ""@143382 If you have shared your details with us, you should find our response here : Do keep us posted for further support. ^CB"", ""similarity"": 0.127, ""case_id"": ""122710""}, {""customer"": ""@115830 you\u2019re a joke of a company and your \u201ccustomer service\u201d is disgraceful . Last time I\u2019m using you for anything."", ""historical_reply"": ""@131342 I'm sorry to hear we've disappointed you. Without posting personal account information, can you tell us what's going on? ^KP"", ""similarity"": 0.125, ""case_id"": ""67228""}]",complaint,TRUE,,,,,,,,,,,information_request,False,"Review the suggestion against customer_text, draft_reply, and evidence_json. Human fields must be independently entered.",
89259,AmazonHelp,89257,@135303 E já começou a leitura😱? ^MB,89257,135303,"@AmazonHelp hahaha simm 😍😍😍 inclusive chegaram essa semana e ja estao na estante: Deuses americanos e Contos de Terror, de Mistério e de Morte.. aaah e uma meia duzia de ebooks :)",service_outage,89272,other,0.479563456420543,ESCALATE,low intent confidence (0.48); weak historical match (0.16),Thanks for flagging this. I’m routing this to a support specialist so they can review the details securely.,"[{""customer"": ""@AmazonHelp Deuses Americanos e Mitologia N\u00f3rdica do @141420, Superman - Entre a Foice e o Martelo e Demolidor a Queda de Murdock :D"", ""historical_reply"": ""@141419 Nossa s\u00e3o muitos livros, voc\u00ea sabe qual deles vai ler primeiro?. \ud83d\udcda ^NB"", ""similarity"": 0.159, ""case_id"": ""114351""}, {""customer"": ""N\u00e3o acredito que acabei de comprar Deuses Americanos por R$16 na @117086! *-* J\u00e1 tinha at\u00e9 encerrado minhas compras, mas n\u00e3o pude deixar passar. E comprei pelo seu link, @8644! &lt;3"", ""historical_reply"": ""@149484 Oi Caroladashian! Que legal que voc\u00ea comprou o livro Deuses Americanos! \ud83d\ude0d\u2764\ufe0f Vai adorar a leitura, eu amei.\ud83d\ude3b Agora aguardar o pacote chegar? \ud83d\udcda"", ""similarity"": 0.135, ""case_id"": ""147373""}, {""customer"": ""@AmazonHelp Hahaha I got assurance ,trust me it will be delivered today"", ""historical_reply"": ""@131040 We will check and connect with you accordingly. Appreciate your patience. ^RW"", ""similarity"": 0.132, ""case_id"": ""65734""}]",other,TRUE,,,,,,,,,,,other,False,"Review the suggestion against customer_text, draft_reply, and evidence_json. Human fields must be independently entered.",
47897,AmazonHelp,47899,@126711 I'm sorry for the trouble! Have you tried the steps listed here: Let us know if this helps! ^TG,47899,126711,@117634 hey my app not working &amp; I’m trying read.,service_outage,47899,service_outage,0.887080508692515,ESCALATE,possible multi-issue message,Thanks for flagging this. I’m routing this to a support specialist so they can review the details securely.,"[{""customer"": ""@AmazonHelp It\u2019s not working!!"", ""historical_reply"": ""@121888 Oh no! What's the issue? What does it show? ^PK"", ""similarity"": 0.256, ""case_id"": ""26886""}, {""customer"": ""@AmazonHelp Link Not working"", ""historical_reply"": ""@120771 We request you to open the link from desktop or laptop and follow the instructions to download the invoice. ^SB"", ""similarity"": 0.189, ""case_id"": ""21886""}, {""customer"": ""@AmazonHelp \""In Transit: Delivery attempted\"" IntelCom's site &amp; tracking ID not working &amp; I've already been on hold 20min today and longer yesterday."", ""historical_reply"": ""@134816 Please update us once your call is complete! We'd love to help. ^AP"", ""similarity"": 0.164, ""case_id"": ""86198""}]",product_issue,TRUE,,,,,,,,,,,service_outage,False,"Review the suggestion against customer_text, draft_reply, and evidence_json. Human fields must be independently entered.",
115806,AmazonHelp,115808,@141787 I'm sorry for the frustration! We're available to look into your account settings via phone or chat here: ^SJ,115808,141787,"@AmazonHelp Hi, got a Fire Stick today but get the following error. I'm in UK and it's set to UK! Help",service_outage,115808,service_outage,0.4340028078365608,ESCALATE,low intent confidence (0.43); weak historical match (0.17); possible multi-issue message,Thanks for flagging this. I’m routing this to a support specialist so they can review the details securely.,"[{""customer"": ""@AmazonHelp I\u2019m in UK - is call available?"", ""historical_reply"": ""@125391 Sorry for the incorrect link, Stu. It sure is! You can contact the UK team here: I hope this helps! ^AD"", ""similarity"": 0.171, ""case_id"": ""42498""}, {""customer"": ""Got an @115830 fire stick today, the A Level graphics student in me was in awe of the neat packaging \ud83d\udc4f\ud83c\udffc"", ""historical_reply"": ""@142684 It's the little things. Enjoy! \ud83d\ude01 ^JO"", ""similarity"": 0.166, ""case_id"": ""120197""}, {""customer"": ""@AmazonHelp I\u2019m trying off my fire stick"", ""historical_reply"": ""@117089 (2/2) ... please reach out to us for real-time troubleshooting here: ^WT"", ""similarity"": 0.163, ""case_id"": ""5793""}]",product_issue,TRUE,,,,,,,,,,,service_outage,False,"Review the suggestion against customer_text, draft_reply, and evidence_json. Human fields must be independently entered.",
36492,AmazonHelp,36493,@123960 How can we resist this plea! Sorry for the troubles downloading your content! Have you tried this? ^FR,36493,123960,"Hi @117634 , I'm currently unable to download books, though I restarted, updated, uninstalled and reinstalled. Help?",service_outage,36493,service_outage,0.5071338865525858,ESCALATE,low intent confidence (0.51); weak historical match (0.14); possible multi-issue message,Thanks for flagging this. I’m routing this to a support specialist so they can review the details securely.,"[{""customer"": ""@AmazonHelp They said it's due to me using an emulator. Everytime I go to download the appstore on my tablet device though it takes me to the download page but won't start a download."", ""historical_reply"": ""@146423 What have they advised you to do next? ^BD"", ""similarity"": 0.145, ""case_id"": ""135020""}, {""customer"": ""@AmazonHelp Thanks, I have corrected my payment method &amp; restarted my Fire. Unfortunately still no changes. Do I have to subscribe to Amazon Prime to download the apps? Now my Fire is wo memory card, is that a problem too?"", ""historical_reply"": ""@148575 Have you cleared your data and the cache, as mentioned in \""If your app is still having issues\""? If yes, please contact our customer service (in English) here: ^AW"", ""similarity"": 0.129, ""case_id"": ""144072""}, {""customer"": ""@AmazonHelp If it is not an update or something i chosen to download I better not see it."", ""historical_reply"": ""@142938 I'm sorry for the frustration! To clarify, do you have other devices linked to Amazon like a phone or does anyone else use the Fire tablet? ^SJ"", ""similarity"": 0.128, ""case_id"": ""121035""}]",product_issue,TRUE,,,,,,,,,,,service_outage,False,"Review the suggestion against customer_text, draft_reply, and evidence_json. Human fields must be independently entered.",
136839,AmazonHelp,136841,"@146867 That's very strange! Please provide your details here: and we'll look into this right away. Also, please don't provide the contact details, we consider it to be personal info. Our page is visible to the public. ^SF",136841,146867,@AmazonHelp No use there. The agent phone number is again the same. Neither can I connect to him nor will he ever call me. This piece of shopping will go down as the worst experience. Ever!,service_outage,136847,complaint,0.4203673779140464,ESCALATE,low intent confidence (0.42); weak historical match (0.15),Thanks for flagging this. I’m routing this to a support specialist so they can review the details securely.,"[{""customer"": ""@AmazonHelp He gave me the phone number: 818662161072 which is not a phone number"", ""historical_reply"": ""@138631 I understand! Let's solve this! Please reach out to us via phone/chat here: and we can give this another shot. ^TK"", ""similarity"": 0.153, ""case_id"": ""102885""}, {""customer"": ""@AmazonHelp No..!!"", ""historical_reply"": ""@119700 Request you to check for our response using this link: ^SK"", ""similarity"": 0.128, ""case_id"": ""16780""}, {""customer"": ""@AmazonHelp No"", ""historical_reply"": ""@133928 A correspondence will be sent to your registered email account in 12 hours post filling the form via secured link with requested details. You may find all the correspondences from us here: ^MJ"", ""similarity"": 0.128, ""case_id"": ""80820""}]",complaint,FALSE,,,,,,,,,,,complaint,False,"Review the suggestion against customer_text, draft_reply, and evidence_json. Human fields must be independently entered.",
136135,AmazonHelp,136137,"@146675 Hi Jordan, we can't offer a refund for the difference between the price in your order and the lower price you saw on our website.^CN",136137,146675,@AmazonHelp Was told I can’t get the price adjustment. I received the item 10 days ago. They offered me a slight discount. Bought the item for $299.99 saw it was marked down to $229.99. Simply asked for a price adjustment and they said I can only return it and buy a new one to get the price.,service_outage,136139,billing_charge,0.1890852273163579,ESCALATE,billing_charge is high-risk; low intent confidence (0.19); weak historical match (0.19); possible multi-issue message,Thanks for flagging this. I’m routing this to a support specialist so they can review the details securely.,"[{""customer"": ""@115830 hi i have a question about the PS4 pro bundles when i added the item to my cart it was 299.99 and i went to checkout and it shows it as 338.99 did the price of the bundles change?"", ""historical_reply"": ""@149463 Hello, would you happen to have the link to the bundle you are looking into. We have a few different bundles on our site currently. ^CR"", ""similarity"": 0.187, ""case_id"": ""147307""}, {""customer"": ""Saw last week that Amazon charged me \u00a37.99 for prime delivery last month when I didn't even sign up to it, while cancelling it they offered me a bloody discount...... looked in my bank account just now and still haven't got the \u00a37.99 back."", ""historical_reply"": ""@147588 Sorry to hear about this. Have you canceled the Prime here:"", ""similarity"": 0.149, ""case_id"": ""140019""}, {""customer"": ""@115830 I bought an Amazon fire tablet a few days ago for \u00a380, the price is now \u00a350. Are you doing the same deal as @116245 and honouring reduced prices? If not i\u2019ll return it and get one elsewhere."", ""historical_reply"": ""@146691 Hello, we are unable to provide any price match. If you wish to return the item, you can visit the returns center here:http: ^CR"", ""similarity"": 0.148, ""case_id"": ""136198""}]",billing_charge,FALSE,,,,,,,,,,,billing_charge,False,"Review the suggestion against customer_text, draft_reply, and evidence_json. Human fields must be independently entered.",
133609,AmazonHelp,133608,@146120 I understand your regarding our packaging. I'll surely pass on your comments to our concerned team internally. You may also provide feedback regarding it via ^AM,133608,146120,@AmazonHelp Do u really use loose packing or ur standard is going down?,service_outage,133605,service_outage,0.2868372269284432,ESCALATE,low intent confidence (0.29); weak historical match (0.14),Thanks for flagging this. I’m routing this to a support specialist so they can review the details securely.,"[{""customer"": ""@AmazonHelp do you take Bitcoin?"", ""historical_reply"": ""@127398 Hi there! That is a great question. Currently Amazon does not accept Bitcoin as a form of currency. We hope this helps! ^JD"", ""similarity"": 0.14, ""case_id"": ""50793""}, {""customer"": ""@115850 pls investigate ur satara (Maharashtra) amzn staff or ur reputation is doomed in the region in long term."", ""historical_reply"": ""@117088 Request you to please fill in the details in the link provided earlier and we'll look into this. ^MK"", ""similarity"": 0.131, ""case_id"": ""8540""}, {""customer"": ""@115830 free delivery with prime is all well and good but do I really need such a large box for 1 CD?!!!!"", ""historical_reply"": ""@141414 Oh my! That is certainly a large box, Peter! We're always looking to improve, and we would love to get your feedback about our packaging! If you like, you can provide that here: ^JD"", ""similarity"": 0.127, ""case_id"": ""114335""}]",product_issue,TRUE,,,,,,,,,,,service_outage,False,"Review the suggestion against customer_text, draft_reply, and evidence_json. Human fields must be independently entered.",
29563,AmazonHelp,29564,@122492 Sorry for the hassle. Please connect with our support team here: for a better assistance. ^MS,29564,122492,@AmazonHelp Hey guys! Just downloaded the #Alexa app but unable to finish the set up after this stage. I connected my phone to the Amazon wifi. 1/2,service_outage,29568,information_request,0.1907724316742857,ESCALATE,low intent confidence (0.19); weak historical match (0.15),Thanks for flagging this. I’m routing this to a support specialist so they can review the details securely.,"[{""customer"": ""@AmazonHelp Yes. I downloaded the latest firmware today"", ""historical_reply"": ""@141275 In this case, can you reach out to us here via phone or chat so that we can go through some live troubleshooting with you? ^GS"", ""similarity"": 0.148, ""case_id"": ""113791""}, {""customer"": ""@115833 Good morning. Is the Alexa App down? It\u2019s timing out here in London, UK."", ""historical_reply"": ""@121900 Hi, we've had no reports of issues. Have you tried restarting your device? ^TS"", ""similarity"": 0.142, ""case_id"": ""26959""}, {""customer"": ""@115821 I have the app but don\u2019t have amazon prime membership????"", ""historical_reply"": ""@141267 Have you recently signed up for a free trial of Amazon Prime? We'll authorise the card for $1 to make sure it is valid. Authorisations typically drop within 3-5 days, depending on the policies of your bank. For more info: ^MB"", ""similarity"": 0.119, ""case_id"": ""113755""}]",product_issue,TRUE,,,,,,,,,,,information_request,False,"Review the suggestion against customer_text, draft_reply, and evidence_json. Human fields must be independently entered.",
89350,AmazonHelp,89351,"@135323 Can you get in touch with us, the social media team, we would to like to take a closer look at your case. You can reach us here:",89351,135323,@AmazonHelp Already did that and they keep telling me to wait and that has been 4wks. CS keeps telling me it is due to a system error. What error?,service_outage,89354,service_outage,0.4474094391671238,ESCALATE,low intent confidence (0.45); weak historical match (0.19); possible multi-issue message,Thanks for flagging this. I’m routing this to a support specialist so they can review the details securely.,"[{""customer"": ""@AmazonHelp I already did but no response"", ""historical_reply"": ""@125706 Was the order placed on Amazon.in or ? ^MK"", ""similarity"": 0.191, ""case_id"": ""43737""}, {""customer"": ""@AmazonHelp My order is due to arrive on Friday"", ""historical_reply"": ""@119534 Orders can ship at any time; once the order has been processed it will be assigned a tracking number. ^LR"", ""similarity"": 0.183, ""case_id"": ""16109""}, {""customer"": ""@AmazonHelp They keep asking and telling me the same thing. They say please send us the claim code and then say it\u2019s not available for use. And not telling me why. No attempt to say sorry that I have now lost $100"", ""historical_reply"": ""@140395 Whenever you have the time, try contacting us via phone or chat here: We'd be better able to assist in real-time. ^SK"", ""similarity"": 0.179, ""case_id"": ""111933""}]",service_outage,FALSE,,,,,,,,,,,service_outage,False,"Review the suggestion against customer_text, draft_reply, and evidence_json. Human fields must be independently entered.",
147228,AmazonHelp,147229,"@149448 Please try to uninstall and reinstall our shopping app and see if that helps. If it doesn't, use the web browser on your mobile app. ^MG",147229,149448,@AmazonHelp trying to pick up for bags of these @8622 pellets and keep getting an error.,service_outage,147229,service_outage,0.3959947538467487,ESCALATE,low intent confidence (0.40); possible multi-issue message,Thanks for flagging this. I’m routing this to a support specialist so they can review the details securely.,"[{""customer"": ""@115830 Keep getting an error message when sending to different delivery addresses in one order? Prime member?"", ""historical_reply"": ""@125388 I'm sorry for the trouble, Dan! Can you tell us the exact error message you are receiving? We want to help! ^SD"", ""similarity"": 0.263, ""case_id"": ""42490""}, {""customer"": ""@AmazonHelp where is my order? I paid for 1 day delivery yesterday and no notification to say to pick it up at the pick up point."", ""historical_reply"": ""@121470 I am sorry for the wait! What's the latest tracking/delivery date shown in Your Orders here: ^LM"", ""similarity"": 0.164, ""case_id"": ""25293""}, {""customer"": ""@117093 is there a way to request the team to pick up these green bags? Its not often that I shop via Fresh &amp; don't want unnecessary stuff around."", ""historical_reply"": ""@141424 We'd be happy to take care of this! Please reach out to us by phone, chat, or e-mail so we can arrange a pick-up: ^GR"", ""similarity"": 0.162, ""case_id"": ""114368""}]",service_outage,TRUE,,,,,,,,,,,service_outage,False,"Review the suggestion against customer_text, draft_reply, and evidence_json. Human fields must be independently entered.",
44531,AmazonHelp,44529,"@125878 We'd like to look into this with you. When you have a moment, please reach out to us here: ^AC",44529,125878,@AmazonHelp It’s not downloading any of the books I have and it won’t delete the ones I’ve returned,service_outage,44530,other,0.172303179546414,ESCALATE,low intent confidence (0.17); possible multi-issue message,Thanks for flagging this. I’m routing this to a support specialist so they can review the details securely.,"[{""customer"": ""@AmazonHelp It\u2019s not working!!"", ""historical_reply"": ""@121888 Oh no! What's the issue? What does it show? ^PK"", ""similarity"": 0.2, ""case_id"": ""26886""}, {""customer"": ""@AmazonHelp I have and they didn\u2019t"", ""historical_reply"": ""@143189 I'm sorry to hear this JJ. What were you advised when you contacted us about this? ^MI"", ""similarity"": 0.174, ""case_id"": ""122011""}, {""customer"": ""@AmazonHelp I keep getting the DRM message and I have to delete the book off my kindle and redownload it. It's not all of my books but its been happening often. It's just inconvenient when Im on the go and want to read but then I can't because I have to redownload the book."", ""historical_reply"": ""@132999 Can you contact us directly so that we can look into this for you? You can get in contact via this link: ^KI"", ""similarity"": 0.141, ""case_id"": ""75929""}]",product_issue,TRUE,,,,,,,,,,,other,False,"Review the suggestion against customer_text, draft_reply, and evidence_json. Human fields must be independently entered.",
131702,AmazonHelp,131700,@145700 Do you have a link to the item on the website?^PK,131700,145700,@AmazonHelp Yeah I got an error message the add basket button was there. It’s disappeared off the site again now :( will you be getting more in stock?,service_outage,131701,service_outage,0.3621867065476822,ESCALATE,low intent confidence (0.36),Thanks for flagging this. I’m routing this to a support specialist so they can review the details securely.,"[{""customer"": ""@AmazonHelp Yeah"", ""historical_reply"": ""@121460 Have they responded back to you ? We do ask you for a one-day response time for the seller to reply. ^CR"", ""similarity"": 0.235, ""case_id"": ""25256""}, {""customer"": ""@115830 Keep getting an error message when sending to different delivery addresses in one order? Prime member?"", ""historical_reply"": ""@125388 I'm sorry for the trouble, Dan! Can you tell us the exact error message you are receiving? We want to help! ^SD"", ""similarity"": 0.15, ""case_id"": ""42490""}, {""customer"": ""@AmazonHelp Yeah, I've got absolutely nothing"", ""historical_reply"": ""@126981 Hmm, that's odd! We'd like to look into this with you. Can you reach us by phone here?: ^AL"", ""similarity"": 0.122, ""case_id"": ""49150""}]",information_request,TRUE,,,,,,,,,,,service_outage,False,"Review the suggestion against customer_text, draft_reply, and evidence_json. Human fields must be independently entered.",
86185,AmazonHelp,86186,"@134815 Hi there, I'm sorry you weren't able to get this resolved. Please give us a call so that we can get you the right gift card! -RD",86186,134815,"@AmazonHelp My wife bought a birthday print at home gift card &amp; when I downloaded it, it was a Happy Holidays card! Chat was NOT helpful. What can be done????",service_outage,86186,information_request,0.1960581727370201,ESCALATE,low intent confidence (0.20); weak historical match (0.18); possible multi-issue message,Thanks for flagging this. I’m routing this to a support specialist so they can review the details securely.,"[{""customer"": ""@AmazonHelp ... Using a gift card"", ""historical_reply"": ""@144964 Thank you for the information. I understand how frustrating this can be. Only our Account Specialists can access your account. Please respond to the e-mail with the requested information. ^LR"", ""similarity"": 0.183, ""case_id"": ""128737""}, {""customer"": ""@115821 being charged for amazon prime &amp; when I go to cancel it, it\u2019s saying I\u2019m not a member\ud83d\ude20\ud83d\ude20\ud83d\ude20"", ""historical_reply"": ""@116083 Hmm... We'd like to take a better look at this with you. Please reach us via phone/chat here: ^KP"", ""similarity"": 0.14, ""case_id"": ""1708""}, {""customer"": ""@AmazonHelp Yes, just been through all that on chat. Was told it was a website error"", ""historical_reply"": ""@145701 Did the associate state that they would follow this up for you and be back in touch?^SM"", ""similarity"": 0.13, ""case_id"": ""131711""}]",product_issue,FALSE,,,,,,,,,,,information_request,False,"Review the suggestion against customer_text, draft_reply, and evidence_json. Human fields must be independently entered.",
108203,AmazonHelp,108205,"@140018 I'm terribly sorry! We'd like to help! Without account details, could you tell us a little more about the issue you're having? ^TK",108205,140018,@115821 @119038 @5525 wtf why is this not working anymore absolute bullshit I already have to watch 10x amount of ads ffs,service_outage,108205,service_outage,0.4304308298822975,ESCALATE,low intent confidence (0.43); weak historical match (0.20),Thanks for flagging this. I’m routing this to a support specialist so they can review the details securely.,"[{""customer"": ""@AmazonHelp It\u2019s not working!!"", ""historical_reply"": ""@121888 Oh no! What's the issue? What does it show? ^PK"", ""similarity"": 0.195, ""case_id"": ""26886""}, {""customer"": ""@AmazonHelp Link Not working"", ""historical_reply"": ""@120771 We request you to open the link from desktop or laptop and follow the instructions to download the invoice. ^SB"", ""similarity"": 0.144, ""case_id"": ""21886""}, {""customer"": ""@115821 why is your AMZL US shipping service not show more updates online? I had another package with this not delivered."", ""historical_reply"": ""@118704 Are you currently waiting on the delivery of a delayed order? ^QJ"", ""similarity"": 0.118, ""case_id"": ""13170""}]",service_outage,TRUE,,,,,,,,,,,service_outage,False,"Review the suggestion against customer_text, draft_reply, and evidence_json. Human fields must be independently entered.",
